-- phpMyAdmin SQL Dump
-- version 4.0.10.12
-- http://www.phpmyadmin.net
--
-- Host: 127.6.157.2:3306
-- Generation Time: Sep 25, 2017 at 06:20 PM
-- Server version: 5.5.52
-- PHP Version: 5.3.3

SET SQL_MODE = "NO_AUTO_VALUE_ON_ZERO";
SET time_zone = "+00:00";


/*!40101 SET @OLD_CHARACTER_SET_CLIENT=@@CHARACTER_SET_CLIENT */;
/*!40101 SET @OLD_CHARACTER_SET_RESULTS=@@CHARACTER_SET_RESULTS */;
/*!40101 SET @OLD_COLLATION_CONNECTION=@@COLLATION_CONNECTION */;
/*!40101 SET NAMES utf8 */;

--
-- Database: `vaktija`
--

-- --------------------------------------------------------

--
-- Table structure for table `locations`
--

CREATE TABLE IF NOT EXISTS `locations` (
  `_id` int(11) NOT NULL,
  `location` text CHARACTER SET utf8 COLLATE utf8_bin NOT NULL,
  `weight` int(11) NOT NULL DEFAULT '1',
  `region` text CHARACTER SET utf8 COLLATE utf8_bin,
  PRIMARY KEY (`_id`)
) ENGINE=InnoDB DEFAULT CHARSET=latin1;

--
-- Dumping data for table `locations`
--

INSERT INTO `locations` (`_id`, `location`, `weight`, `region`) VALUES
(1, 'Banovići', 10, NULL),
(2, 'Banja Luka', 20, NULL),
(3, 'Bihać', 30, NULL),
(4, 'Bijeljina', 40, NULL),
(5, 'Bileća', 50, NULL),
(6, 'Bos. Brod', 60, NULL),
(7, 'Bos. Dubica', 70, NULL),
(8, 'Bos. Gradiška', 80, NULL),
(9, 'Bos. Grahovo', 90, NULL),
(10, 'Bos. Krupa', 100, NULL),
(11, 'Bos. Novi', 110, NULL),
(12, 'Bos. Petrovac', 120, NULL),
(13, 'Bos. Šamac', 130, NULL),
(14, 'Bratunac', 140, NULL),
(15, 'Brčko', 150, NULL),
(16, 'Breza', 160, NULL),
(17, 'Bugojno', 170, NULL),
(18, 'Busovača', 180, NULL),
(19, 'Bužim', 190, NULL),
(20, 'Cazin', 200, NULL),
(21, 'Čajniče', 210, NULL),
(22, 'Čapljina', 220, NULL),
(23, 'Čelić', 230, NULL),
(24, 'Čelinac', 240, NULL),
(25, 'Čitluk', 250, NULL),
(26, 'Derventa', 260, NULL),
(27, 'Doboj', 270, NULL),
(28, 'Donji Vakuf', 280, NULL),
(29, 'Drvar', 290, NULL),
(30, 'Foča', 300, NULL),
(31, 'Fojnica', 310, NULL),
(32, 'Gacko', 320, NULL),
(33, 'Glamoč', 330, NULL),
(34, 'Goražde', 340, NULL),
(35, 'Gornji Vakuf', 350, NULL),
(36, 'Gračanica', 360, NULL),
(37, 'Gradačac', 370, NULL),
(38, 'Grude', 380, NULL),
(39, 'Hadžići', 390, NULL),
(40, 'Han-Pijesak', 400, NULL),
(41, 'Hlivno', 410, NULL),
(42, 'Ilijaš', 420, NULL),
(43, 'Jablanica', 430, NULL),
(44, 'Jajce', 440, NULL),
(45, 'Kakanj', 450, NULL),
(46, 'Kalesija', 460, NULL),
(47, 'Kalinovik', 470, NULL),
(48, 'Kiseljak', 480, NULL),
(49, 'Kladanj', 490, NULL),
(50, 'Ključ', 500, NULL),
(51, 'Konjic', 510, NULL),
(52, 'Kotor-Varoš', 520, NULL),
(53, 'Kreševo', 530, NULL),
(54, 'Kupres', 540, NULL),
(55, 'Laktaši', 550, NULL),
(56, 'Lopare', 560, NULL),
(57, 'Lukavac', 570, NULL),
(58, 'Ljubinje', 580, NULL),
(59, 'Ljubuški', 590, NULL),
(60, 'Maglaj', 600, NULL),
(61, 'Modriča', 610, NULL),
(62, 'Mostar', 620, NULL),
(63, 'Mrkonjić-Grad', 630, NULL),
(64, 'Neum', 640, NULL),
(65, 'Nevesinje', 650, NULL),
(66, 'Novi Travnik', 660, NULL),
(67, 'Odžak', 670, NULL),
(68, 'Olovo', 680, NULL),
(69, 'Orašje', 690, NULL),
(70, 'Pale', 700, NULL),
(71, 'Posušje', 710, NULL),
(72, 'Prijedor', 720, NULL),
(73, 'Prnjavor', 730, NULL),
(74, 'Prozor', 740, NULL),
(75, 'Rogatica', 750, NULL),
(76, 'Rudo', 760, NULL),
(77, 'Sanski Most', 770, NULL),
(78, 'Skender-Vakuf', 780, NULL),
(79, 'Sokolac', 790, NULL),
(80, 'Srbac', 800, NULL),
(81, 'Srebrenica', 810, NULL),
(82, 'Srebrenik', 820, NULL),
(83, 'Stolac', 830, NULL),
(84, 'Šekovići', 840, NULL),
(85, 'Šipovo', 850, NULL),
(86, 'Široki Brijeg', 860, NULL),
(87, 'Teslić', 870, NULL),
(88, 'Tešanj', 880, NULL),
(89, 'Tomislav-Grad', 890, NULL),
(90, 'Travnik', 900, NULL),
(91, 'Trebinje', 910, NULL),
(92, 'Trnovo', 920, NULL),
(93, 'Tuzla', 930, NULL),
(94, 'Ugljevik', 940, NULL),
(95, 'Vareš', 950, NULL),
(96, 'V.Kladuša', 960, NULL),
(97, 'Visoko', 970, NULL),
(98, 'Višegrad', 980, NULL),
(99, 'Vitez', 990, NULL),
(100, 'Vlasenica', 1000, NULL),
(101, 'Zavidovići', 1010, NULL),
(102, 'Zenica', 1020, NULL),
(103, 'Zvornik', 1030, NULL),
(104, 'Žepa', 1040, NULL),
(105, 'Žepče', 1050, NULL),
(106, 'Živinice', 1060, NULL),
(107, 'Sarajevo', 771, NULL),
(1000, 'Bijelo Polje', 10000, 'Sandzak'),
(2000, 'Gusinje', 20000, 'Sandzak'),
(3000, 'Nova Varoš', 30000, 'Sandzak'),
(4000, 'Novi Pazar', 40000, 'Sandzak'),
(5000, 'Plav', 50000, 'Sandzak'),
(6000, 'Pljevlja', 60000, 'Sandzak'),
(7000, 'Priboj', 70000, 'Sandzak'),
(8000, 'Prijepolje', 80000, 'Sandzak'),
(9000, 'Rožaje', 90000, 'Sandzak'),
(10000, 'Sjenica', 100000, 'Sandzak'),
(11000, 'Tutin', 110000, 'Sandzak');

-- --------------------------------------------------------

--
-- Table structure for table `offset`
--

CREATE TABLE IF NOT EXISTS `offset` (
  `_id` int(11) NOT NULL,
  `month` int(11) NOT NULL,
  `location_id` int(11) NOT NULL,
  `fajr` int(11) NOT NULL,
  `dhuhr` int(11) NOT NULL,
  `asr` int(11) NOT NULL,
  PRIMARY KEY (`_id`)
) ENGINE=InnoDB DEFAULT CHARSET=latin1;

--
-- Dumping data for table `offset`
--

INSERT INTO `offset` (`_id`, `month`, `location_id`, `fajr`, `dhuhr`, `asr`) VALUES
(1, 1, 1, 1, 0, -2),
(2, 1, 2, 8, 5, 2),
(3, 1, 3, 13, 10, 7),
(4, 1, 4, 0, -3, -6),
(5, 1, 5, 3, 0, -3),
(6, 1, 6, 6, 2, -3),
(7, 1, 7, 11, 6, 2),
(8, 1, 8, 9, 5, 0),
(9, 1, 9, 9, 8, 7),
(10, 1, 10, 13, 9, 6),
(11, 1, 11, 12, 8, 4),
(12, 1, 12, 11, 8, 6),
(13, 1, 13, 4, 0, -4),
(14, 1, 14, -3, -4, -5),
(15, 1, 15, 2, -2, -5),
(16, 1, 16, 1, 1, 0),
(17, 1, 17, 5, 4, 3),
(18, 1, 18, 3, 2, 1),
(19, 1, 19, 14, 10, 6),
(20, 1, 20, 14, 10, 6),
(21, 1, 21, -2, -3, -3),
(22, 1, 22, 5, 3, 1),
(23, 1, 23, 1, -2, -4),
(24, 1, 24, 7, 4, 2),
(25, 1, 25, 5, 3, 1),
(26, 1, 26, 6, 2, -2),
(27, 1, 27, 4, 1, -2),
(28, 1, 28, 5, 4, 3),
(29, 1, 29, 10, 8, 6),
(30, 1, 30, 0, -1, -2),
(31, 1, 31, 2, 2, 2),
(32, 1, 32, 2, 0, -2),
(33, 1, 33, 7, 6, 6),
(34, 1, 34, -2, -2, -3),
(35, 1, 35, 4, 3, 3),
(36, 1, 36, 3, 0, -2),
(37, 1, 37, 3, 0, -3),
(38, 1, 38, 5, 4, 3),
(39, 1, 39, 1, 1, 1),
(40, 1, 40, -1, -2, -3),
(41, 1, 41, 6, 6, 6),
(42, 1, 42, 1, 1, 0),
(43, 1, 43, 3, 3, 2),
(44, 1, 44, 6, 5, 3),
(45, 1, 45, 2, 1, 0),
(46, 1, 46, 0, -2, -4),
(47, 1, 47, 1, 0, -1),
(48, 1, 48, 2, 1, 1),
(49, 1, 49, 0, -1, -2),
(50, 1, 50, 9, 7, 4),
(51, 1, 51, 2, 2, 1),
(52, 1, 52, 7, 4, 2),
(53, 1, 53, 2, 2, 2),
(54, 1, 54, 5, 5, 4),
(55, 1, 55, 8, 5, 1),
(56, 1, 56, 1, -2, -4),
(57, 1, 57, 2, 0, -3),
(58, 1, 58, 4, 1, -1),
(59, 1, 59, 5, 4, 2),
(60, 1, 60, 4, 1, -1),
(61, 1, 61, 4, 1, -3),
(62, 1, 62, 4, 2, 1),
(63, 1, 63, 7, 5, 4),
(64, 1, 64, 6, 3, 1),
(65, 1, 65, 3, 1, 0),
(66, 1, 66, 4, 3, 2),
(67, 1, 67, 4, 0, -4),
(68, 1, 68, 0, -1, -1),
(69, 1, 69, 3, -1, -5),
(70, 1, 70, 0, -1, -1),
(71, 1, 71, 5, 4, 3),
(72, 1, 72, 11, 7, 3),
(73, 1, 73, 7, 3, 0),
(74, 1, 74, 3, 3, 3),
(75, 1, 75, -2, -2, -2),
(76, 1, 76, -3, -4, -4),
(77, 1, 77, 10, 7, 4),
(78, 1, 78, 6, 4, 2),
(79, 1, 79, -1, -1, -2),
(80, 1, 80, 8, 4, -1),
(81, 1, 81, -3, -3, -4),
(82, 1, 82, 3, 0, -3),
(83, 1, 83, 4, 2, 0),
(84, 1, 84, 0, -2, -3),
(85, 1, 85, 7, 5, 4),
(86, 1, 86, 5, 3, 2),
(87, 1, 87, 5, 2, 0),
(88, 1, 88, 4, 2, -1),
(89, 1, 89, 5, 5, 4),
(90, 1, 90, 4, 3, 2),
(91, 1, 91, 4, 0, -3),
(92, 1, 92, 0, 0, -1),
(93, 1, 93, 1, -1, -3),
(94, 1, 94, 0, -2, -5),
(95, 1, 95, 1, 0, -1),
(96, 1, 96, 15, 10, 6),
(97, 1, 97, 1, 1, 1),
(98, 1, 98, -3, -3, -4),
(99, 1, 99, 4, 3, 2),
(100, 1, 100, -1, -2, -3),
(101, 1, 101, 3, 1, -1),
(102, 1, 102, 3, 2, 1),
(103, 1, 103, -1, -3, -4),
(104, 1, 104, -2, -3, -3),
(105, 1, 105, 3, 2, 0),
(106, 1, 106, 1, -1, -3),
(107, 2, 1, 1, 0, -1),
(108, 2, 2, 7, 5, 3),
(109, 2, 3, 12, 10, 8),
(110, 2, 4, -1, -3, -5),
(111, 2, 5, 2, 0, -2),
(112, 2, 6, 4, 2, -1),
(113, 2, 7, 9, 6, 4),
(114, 2, 8, 7, 5, 2),
(115, 2, 9, 9, 8, 8),
(116, 2, 10, 11, 9, 7),
(117, 2, 11, 10, 8, 6),
(118, 2, 12, 10, 8, 7),
(119, 2, 13, 2, 0, -2),
(120, 2, 14, -3, -4, -4),
(121, 2, 15, 0, -2, -3),
(122, 2, 16, 1, 1, 0),
(123, 2, 17, 4, 4, 4),
(124, 2, 18, 3, 2, 2),
(125, 2, 19, 12, 10, 7),
(126, 2, 20, 12, 10, 8),
(127, 2, 21, -2, -3, -3),
(128, 2, 22, 4, 3, 2),
(129, 2, 23, 0, -2, -3),
(130, 2, 24, 6, 4, 3),
(131, 2, 25, 4, 3, 2),
(132, 2, 26, 4, 2, 0),
(133, 2, 27, 3, 1, 0),
(134, 2, 28, 5, 4, 4),
(135, 2, 29, 9, 8, 7),
(136, 2, 30, -1, -1, -2),
(137, 2, 31, 2, 2, 2),
(138, 2, 32, 1, 0, -2),
(139, 2, 33, 7, 6, 6),
(140, 2, 34, -2, -2, -2),
(141, 2, 35, 3, 3, 3),
(142, 2, 36, 2, 0, -1),
(143, 2, 37, 2, 0, -2),
(144, 2, 38, 5, 4, 3),
(145, 2, 39, 1, 1, 1),
(146, 2, 40, -2, -2, -2),
(147, 2, 41, 6, 6, 6),
(148, 2, 42, 1, 1, 0),
(149, 2, 43, 3, 3, 2),
(150, 2, 44, 6, 5, 4),
(151, 2, 45, 2, 1, 1),
(152, 2, 46, -1, -2, -3),
(153, 2, 47, 0, 0, -1),
(154, 2, 48, 2, 1, 1),
(155, 2, 49, 0, -1, -2),
(156, 2, 50, 8, 7, 5),
(157, 2, 51, 2, 2, 2),
(158, 2, 52, 6, 4, 3),
(159, 2, 53, 2, 2, 2),
(160, 2, 54, 5, 5, 4),
(161, 2, 55, 6, 5, 3),
(162, 2, 56, 0, -2, -3),
(163, 2, 57, 1, 0, -2),
(164, 2, 58, 3, 1, 0),
(165, 2, 59, 5, 4, 3),
(166, 2, 60, 3, 1, 0),
(167, 2, 61, 3, 1, -2),
(168, 2, 62, 3, 2, 2),
(169, 2, 63, 6, 5, 4),
(170, 2, 64, 5, 3, 2),
(171, 2, 65, 2, 1, 0),
(172, 2, 66, 4, 3, 3),
(173, 2, 67, 3, 0, -2),
(174, 2, 68, 0, -1, -1),
(175, 2, 69, 1, -1, -3),
(176, 2, 70, 0, -1, -1),
(177, 2, 71, 5, 4, 4),
(178, 2, 72, 9, 7, 5),
(179, 2, 73, 5, 3, 1),
(180, 2, 74, 3, 3, 3),
(181, 2, 75, -2, -2, -2),
(182, 2, 76, -3, -4, -4),
(183, 2, 77, 9, 7, 5),
(184, 2, 78, 5, 4, 3),
(185, 2, 79, -1, -1, -2),
(186, 2, 80, 6, 4, 1),
(187, 2, 81, -3, -3, -4),
(188, 2, 82, 1, 0, -2),
(189, 2, 83, 3, 2, 1),
(190, 2, 84, -1, -2, -3),
(191, 2, 85, 6, 5, 5),
(192, 2, 86, 4, 3, 3),
(193, 2, 87, 4, 2, 1),
(194, 2, 88, 3, 2, 0),
(195, 2, 89, 5, 5, 5),
(196, 2, 90, 4, 3, 2),
(197, 2, 91, 2, 0, -1),
(198, 2, 92, 0, 0, 0),
(199, 2, 93, 0, -1, -2),
(200, 2, 94, -1, -2, -4),
(201, 2, 95, 1, 0, 0),
(202, 2, 96, 13, 10, 8),
(203, 2, 97, 1, 1, 1),
(204, 2, 98, -3, -3, -4),
(205, 2, 99, 3, 3, 2),
(206, 2, 100, -1, -2, -3),
(207, 2, 101, 2, 1, 0),
(208, 2, 102, 3, 2, 1),
(209, 2, 103, -2, -3, -4),
(210, 2, 104, -3, -3, -3),
(211, 2, 105, 3, 2, 0),
(212, 2, 106, 0, -1, -2),
(213, 3, 1, 0, 0, 0),
(214, 3, 2, 5, 5, 5),
(215, 3, 3, 10, 10, 10),
(216, 3, 4, 3, -3, -3),
(217, 3, 5, 0, 0, 0),
(218, 3, 6, 2, 2, 1),
(219, 3, 7, 7, 6, 6),
(220, 3, 8, 5, 5, 5),
(221, 3, 9, 8, 8, 8),
(222, 3, 10, 9, 9, 9),
(223, 3, 11, 8, 8, 8),
(224, 3, 12, 8, 8, 8),
(225, 3, 13, 0, 0, 0),
(226, 3, 14, -4, -4, -4),
(227, 3, 15, -1, -2, -2),
(228, 3, 16, 1, 1, 1),
(229, 3, 17, 4, 4, 4),
(230, 3, 18, 2, 2, 2),
(231, 3, 19, 10, 10, 9),
(232, 3, 20, 10, 10, 10),
(233, 3, 21, -3, -3, -3),
(234, 3, 22, 3, 3, 3),
(235, 3, 23, -1, -2, -2),
(236, 3, 24, 5, 4, 4),
(237, 3, 25, 3, 3, 3),
(238, 3, 26, 2, 2, 2),
(239, 3, 27, 1, 1, 1),
(240, 3, 28, 4, 4, 4),
(241, 3, 29, 8, 8, 8),
(242, 3, 30, -1, -1, -1),
(243, 3, 31, 2, 2, 2),
(244, 3, 32, 0, 0, -1),
(245, 3, 33, 6, 6, 6),
(246, 3, 34, -2, -2, -2),
(247, 3, 35, 3, 3, 3),
(248, 3, 36, 1, 0, 0),
(249, 3, 37, 0, 0, 0),
(250, 3, 38, 4, 4, 4),
(251, 3, 39, 1, 1, 1),
(252, 3, 40, -2, -2, -2),
(253, 3, 41, 6, 6, 6),
(254, 3, 42, 1, 1, 1),
(255, 3, 43, 3, 3, 3),
(256, 3, 44, 5, 5, 5),
(257, 3, 45, 1, 1, 1),
(258, 3, 46, -2, -2, -2),
(259, 3, 47, 0, 0, 0),
(260, 3, 48, 1, 1, 1),
(261, 3, 49, -1, -1, -1),
(262, 3, 50, 7, 7, 7),
(263, 3, 51, 2, 2, 2),
(264, 3, 52, 4, 4, 4),
(265, 3, 53, 2, 2, 2),
(266, 3, 54, 5, 5, 5),
(267, 3, 55, 5, 5, 4),
(268, 3, 56, -2, -2, -2),
(269, 3, 57, 0, 0, -1),
(270, 3, 58, 1, 1, 1),
(271, 3, 59, 4, 4, 3),
(272, 3, 60, 1, 1, 1),
(273, 3, 61, 1, 1, 0),
(274, 3, 62, 3, 2, 2),
(275, 3, 63, 5, 5, 5),
(276, 3, 64, 3, 3, 3),
(277, 3, 65, 1, 1, 1),
(278, 3, 66, 3, 3, 3),
(279, 3, 67, 1, 0, 0),
(280, 3, 68, -1, -1, -1),
(281, 3, 69, -1, -1, -1),
(282, 3, 70, -1, -1, -1),
(283, 3, 71, 4, 4, 4),
(284, 3, 72, 7, 7, 7),
(285, 3, 73, 3, 3, 3),
(286, 3, 74, 3, 3, 3),
(287, 3, 75, -2, -2, -2),
(288, 3, 76, -4, -4, -4),
(289, 3, 77, 7, 7, 7),
(290, 3, 78, 4, 4, 4),
(291, 3, 79, -1, -1, -1),
(292, 3, 80, 4, 4, 3),
(293, 3, 81, -3, -3, -4),
(294, 3, 82, 0, 0, 0),
(295, 3, 83, 2, 2, 2),
(296, 3, 84, -2, -2, -2),
(297, 3, 85, 5, 5, 5),
(298, 3, 86, 3, 3, 3),
(299, 3, 87, 2, 2, 2),
(300, 3, 88, 2, 2, 2),
(301, 3, 89, 5, 5, 5),
(302, 3, 90, 3, 3, 3),
(303, 3, 91, 0, 0, 0),
(304, 3, 92, 0, 0, 0),
(305, 3, 93, -1, -1, -1),
(306, 3, 94, -2, -2, -2),
(307, 3, 95, 0, 0, 0),
(308, 3, 96, 11, 10, 10),
(309, 3, 97, 1, 1, 1),
(310, 3, 98, -3, -3, -3),
(311, 3, 99, 3, 3, 3),
(312, 3, 100, -2, -2, -2),
(313, 3, 101, 1, 1, 1),
(314, 3, 102, 2, 2, 2),
(315, 3, 103, -3, -3, -3),
(316, 3, 104, -3, -3, -3),
(317, 3, 105, 2, 2, 1),
(318, 3, 106, -1, -1, -1),
(319, 4, 1, -1, 0, 1),
(320, 4, 2, 3, 5, 6),
(321, 4, 3, 9, 10, 12),
(322, 4, 4, -5, -3, -2),
(323, 4, 5, -1, 0, 1),
(324, 4, 6, 0, 2, 4),
(325, 4, 7, 4, 6, 9),
(326, 4, 8, 3, 5, 7),
(327, 4, 9, 8, 8, 9),
(328, 4, 10, 7, 9, 11),
(329, 4, 11, 6, 8, 10),
(330, 4, 12, 7, 8, 9),
(331, 4, 13, -2, 0, 2),
(332, 4, 14, -4, -4, -3),
(333, 4, 15, -3, -2, 0),
(334, 4, 16, 0, 1, 1),
(335, 4, 17, 4, 4, 4),
(336, 4, 18, 2, 2, 3),
(337, 4, 19, 8, 10, 12),
(338, 4, 20, 8, 10, 12),
(339, 4, 21, -3, -3, -2),
(340, 4, 22, 2, 3, 4),
(341, 4, 23, -3, -2, 0),
(342, 4, 24, 3, 4, 6),
(343, 4, 25, 2, 3, 4),
(344, 4, 26, 0, 2, 4),
(345, 4, 27, 0, 1, 3),
(346, 4, 28, 4, 4, 5),
(347, 4, 29, 7, 8, 9),
(348, 4, 30, -2, -1, -1),
(349, 4, 31, 2, 2, 2),
(350, 4, 32, -1, 0, 0),
(351, 4, 33, 6, 6, 7),
(352, 4, 34, -2, -2, -2),
(353, 4, 35, 3, 3, 3),
(354, 4, 36, -1, 0, 2),
(355, 4, 37, -2, 0, 2),
(356, 4, 38, 3, 4, 5),
(357, 4, 39, 1, 1, 1),
(358, 4, 40, -2, -2, -2),
(359, 4, 41, 6, 6, 6),
(360, 4, 42, 0, 1, 1),
(361, 4, 43, 2, 3, 3),
(362, 4, 44, 4, 5, 5),
(363, 4, 45, 1, 1, 2),
(364, 4, 46, -3, -2, -1),
(365, 4, 47, -1, 0, 0),
(366, 4, 48, 1, 1, 2),
(367, 4, 49, -2, -1, 0),
(368, 4, 50, 6, 7, 8),
(369, 4, 51, 2, 2, 2),
(370, 4, 52, 3, 4, 5),
(371, 4, 53, 2, 2, 2),
(372, 4, 54, 4, 5, 5),
(373, 4, 55, 3, 5, 6),
(374, 4, 56, -3, -2, 0),
(375, 4, 57, -2, 0, 1),
(376, 4, 58, 0, 1, 3),
(377, 4, 59, 3, 4, 4),
(378, 4, 60, 0, 1, 2),
(379, 4, 61, -1, 1, 2),
(380, 4, 62, 2, 2, 3),
(381, 4, 63, 4, 5, 6),
(382, 4, 64, 2, 3, 5),
(383, 4, 65, 0, 1, 2),
(384, 4, 66, 3, 3, 4),
(385, 4, 67, -2, 0, 2),
(386, 4, 68, -1, -1, 0),
(387, 4, 69, -3, -1, 1),
(388, 4, 70, -1, -1, 0),
(389, 4, 71, 4, 4, 5),
(390, 4, 72, 5, 7, 9),
(391, 4, 73, 1, 3, 5),
(392, 4, 74, 3, 3, 3),
(393, 4, 75, -2, -2, -2),
(394, 4, 76, -4, -4, -3),
(395, 4, 77, 6, 7, 9),
(396, 4, 78, 3, 4, 5),
(397, 4, 79, -2, -1, -1),
(398, 4, 80, 2, 4, 6),
(399, 4, 81, -4, -3, -3),
(400, 4, 82, -2, 0, 1),
(401, 4, 83, 1, 2, 3),
(402, 4, 84, -2, -2, -1),
(403, 4, 85, 5, 5, 6),
(404, 4, 86, 3, 3, 4),
(405, 4, 87, 1, 2, 4),
(406, 4, 88, 0, 2, 3),
(407, 4, 89, 5, 5, 5),
(408, 4, 90, 2, 3, 4),
(409, 4, 91, -1, 0, 2),
(410, 4, 92, 0, 0, 0),
(411, 4, 93, -2, -1, 0),
(412, 4, 94, -4, -2, -1),
(413, 4, 95, 0, 0, 1),
(414, 4, 96, 8, 10, 13),
(415, 4, 97, 1, 1, 1),
(416, 4, 98, -4, -3, -3),
(417, 4, 99, 2, 3, 3),
(418, 4, 100, -3, -2, -2),
(419, 4, 101, 0, 1, 2),
(420, 4, 102, 2, 2, 3),
(421, 4, 103, -4, -3, -2),
(422, 4, 104, -3, -3, -3),
(423, 4, 105, 1, 2, 3),
(424, 4, 106, -2, -1, 0),
(425, 5, 1, -2, 0, 1),
(426, 5, 2, 2, 5, 8),
(427, 5, 3, 7, 10, 13),
(428, 5, 4, -6, -3, 0),
(429, 5, 5, -3, 0, 3),
(430, 5, 6, -3, 2, 6),
(431, 5, 7, 2, 6, 11),
(432, 5, 8, 1, 5, 9),
(433, 5, 9, 7, 8, 9),
(434, 5, 10, 6, 9, 12),
(435, 5, 11, 4, 8, 12),
(436, 5, 12, 6, 8, 11),
(437, 5, 13, -4, 0, 4),
(438, 5, 14, -5, -4, -3),
(439, 5, 15, -5, -2, 2),
(440, 5, 16, 0, 1, 1),
(441, 5, 17, 3, 4, 5),
(442, 5, 18, 1, 2, 3),
(443, 5, 19, 6, 10, 14),
(444, 5, 20, 6, 10, 14),
(445, 5, 21, -3, -3, -2),
(446, 5, 22, 1, 3, 5),
(447, 5, 23, -4, -2, 1),
(448, 5, 24, 2, 4, 7),
(449, 5, 25, 1, 3, 5),
(450, 5, 26, -2, 2, 6),
(451, 5, 27, -2, 1, 4),
(452, 5, 28, 3, 4, 5),
(453, 5, 29, 6, 8, 10),
(454, 5, 30, -2, -1, 0),
(455, 5, 31, 2, 2, 2),
(456, 5, 32, -2, 0, 1),
(457, 5, 33, 6, 6, 7),
(458, 5, 34, -3, -2, -2),
(459, 5, 35, 3, 3, 4),
(460, 5, 36, -2, 0, 3),
(461, 5, 37, -3, 0, 3),
(462, 5, 38, 3, 4, 5),
(463, 5, 39, 1, 1, 1),
(464, 5, 40, -3, -2, -1),
(465, 5, 41, 6, 6, 6),
(466, 5, 42, 0, 1, 1),
(467, 5, 43, 2, 3, 3),
(468, 5, 44, 3, 5, 6),
(469, 5, 45, 0, 1, 2),
(470, 5, 46, -4, -2, 0),
(471, 5, 47, -1, 0, 1),
(472, 5, 48, 1, 1, 2),
(473, 5, 49, -2, -1, 0),
(474, 5, 50, 4, 7, 9),
(475, 5, 51, 1, 2, 2),
(476, 5, 52, 2, 4, 7),
(477, 5, 53, 2, 2, 2),
(478, 5, 54, 4, 5, 5),
(479, 5, 55, 1, 5, 8),
(480, 5, 56, -4, -2, 1),
(481, 5, 57, -3, 0, 2),
(482, 5, 58, -1, 1, 4),
(483, 5, 59, 2, 4, 5),
(484, 5, 60, -1, 1, 4),
(485, 5, 61, -3, 1, 4),
(486, 5, 62, 1, 2, 4),
(487, 5, 63, 4, 5, 7),
(488, 5, 64, 1, 3, 6),
(489, 5, 65, 0, 1, 3),
(490, 5, 66, 2, 3, 4),
(491, 5, 67, -3, 0, 4),
(492, 5, 68, -1, -1, 0),
(493, 5, 69, -5, -1, 3),
(494, 5, 70, -1, -1, 0),
(495, 5, 71, 3, 4, 5),
(496, 5, 72, 3, 7, 11),
(497, 5, 73, 0, 3, 6),
(498, 5, 74, 3, 3, 3),
(499, 5, 75, -2, -2, -2),
(500, 5, 76, -4, -4, -3),
(501, 5, 77, 4, 7, 10),
(502, 5, 78, 2, 4, 6),
(503, 5, 79, -2, -1, -1),
(504, 5, 80, 0, 4, 8),
(505, 5, 81, -4, -3, -3),
(506, 5, 82, -3, 0, 3),
(507, 5, 83, 0, 2, 4),
(508, 5, 84, -3, -2, 0),
(509, 5, 85, 4, 5, 7),
(510, 5, 86, 2, 3, 5),
(511, 5, 87, 0, 2, 5),
(512, 5, 88, -1, 2, 4),
(513, 5, 89, 4, 5, 5),
(514, 5, 90, 2, 3, 4),
(515, 5, 91, -3, 0, 3),
(516, 5, 92, -1, 0, 0),
(517, 5, 93, -3, -1, 1),
(518, 5, 94, -5, -2, 0),
(519, 5, 95, -1, 0, 1),
(520, 5, 96, 6, 10, 15),
(521, 5, 97, 1, 1, 1),
(522, 5, 98, -4, -3, -3),
(523, 5, 99, 2, 3, 4),
(524, 5, 100, -3, -2, -1),
(525, 5, 101, -1, 1, 3),
(526, 5, 102, 1, 2, 3),
(527, 5, 103, -4, -3, -1),
(528, 5, 104, -3, -3, -3),
(529, 5, 105, 0, 2, 3),
(530, 5, 106, -3, -1, 1),
(531, 6, 1, -3, 0, 2),
(532, 6, 2, 1, 5, 9),
(533, 6, 3, 6, 10, 14),
(534, 6, 4, -7, -3, 1),
(535, 6, 5, -3, 0, 3),
(536, 6, 6, -4, 2, 7),
(537, 6, 7, 1, 6, 12),
(538, 6, 8, -1, 5, 10),
(539, 6, 9, 7, 8, 10),
(540, 6, 10, 5, 9, 13),
(541, 6, 11, 3, 8, 13),
(542, 6, 12, 5, 8, 11),
(543, 6, 13, -5, 0, 5),
(544, 6, 14, -5, -4, -2),
(545, 6, 15, -6, -2, 3),
(546, 6, 16, 0, 1, 1),
(547, 6, 17, 3, 4, 5),
(548, 6, 18, 1, 2, 3),
(549, 6, 19, 4, 10, 15),
(550, 6, 20, 5, 10, 15),
(551, 6, 21, -4, -3, -1),
(552, 6, 22, 0, 3, 6),
(553, 6, 23, -5, -2, 2),
(554, 6, 24, 1, 4, 8),
(555, 6, 25, 1, 3, 5),
(556, 6, 26, -3, 2, 7),
(557, 6, 27, -2, 1, 5),
(558, 6, 28, 3, 4, 5),
(559, 6, 29, 6, 8, 10),
(560, 6, 30, -3, -1, 0),
(561, 6, 31, 2, 2, 3),
(562, 6, 32, -3, 0, 2),
(563, 6, 33, 6, 6, 7),
(564, 6, 34, -3, -2, -1),
(565, 6, 35, 3, 3, 4),
(566, 6, 36, -3, 0, 4),
(567, 6, 37, -4, 0, 4),
(568, 6, 38, 2, 4, 6),
(569, 6, 39, 1, 1, 1),
(570, 6, 40, -3, -2, -1),
(571, 6, 41, 6, 6, 6),
(572, 6, 42, 0, 1, 1),
(573, 6, 43, 2, 3, 3),
(574, 6, 44, 3, 5, 7),
(575, 6, 45, 0, 1, 2),
(576, 6, 46, -4, -2, 1),
(577, 6, 47, -1, 0, 1),
(578, 6, 48, 1, 1, 2),
(579, 6, 49, -3, -1, 1),
(580, 6, 50, 4, 7, 10),
(581, 6, 51, 1, 2, 3),
(582, 6, 52, 1, 4, 7),
(583, 6, 53, 2, 2, 2),
(584, 6, 54, 4, 5, 5),
(585, 6, 55, 0, 5, 9),
(586, 6, 56, -5, -2, 2),
(587, 6, 57, -3, 0, 2),
(588, 6, 58, -2, 1, 5),
(589, 6, 59, 1, 4, 6),
(590, 6, 60, -2, 1, 4),
(591, 6, 61, -4, 1, 5),
(592, 6, 62, 1, 2, 4),
(593, 6, 63, 3, 5, 8),
(594, 6, 64, 0, 3, 7),
(595, 6, 65, -1, 1, 3),
(596, 6, 66, 2, 3, 4),
(597, 6, 67, -5, 0, 5),
(598, 6, 68, -2, -1, 1),
(599, 6, 69, -6, -1, 4),
(600, 6, 70, -1, -1, 0),
(601, 6, 71, 3, 4, 6),
(602, 6, 72, 2, 7, 12),
(603, 6, 73, -1, 3, 7),
(604, 6, 74, 3, 3, 3),
(605, 6, 75, -3, -2, -2),
(606, 6, 76, -5, -4, -3),
(607, 6, 77, 3, 7, 11),
(608, 6, 78, 2, 4, 7),
(609, 6, 79, -2, -1, -1),
(610, 6, 80, -2, 4, 9),
(611, 6, 81, -5, -3, -2),
(612, 6, 82, -4, 0, 3),
(613, 6, 83, -1, 2, 5),
(614, 6, 84, -4, -2, 0),
(615, 6, 85, 4, 5, 7),
(616, 6, 86, 2, 3, 5),
(617, 6, 87, -1, 2, 5),
(618, 6, 88, -1, 2, 5),
(619, 6, 89, 4, 5, 5),
(620, 6, 90, 2, 3, 5),
(621, 6, 91, -4, 0, 4),
(622, 6, 92, -1, 0, 1),
(623, 6, 93, -4, -1, 2),
(624, 6, 94, -6, -2, 1),
(625, 6, 95, -1, 0, 2),
(626, 6, 96, 5, 10, 16),
(627, 6, 97, 0, 1, 2),
(628, 6, 98, -4, -3, -3),
(629, 6, 99, 1, 3, 4),
(630, 6, 100, -3, -2, -1),
(631, 6, 101, -1, 1, 4),
(632, 6, 102, 1, 2, 4),
(633, 6, 103, -5, -3, 0),
(634, 6, 104, -3, -3, -2),
(635, 6, 105, -1, 2, 4),
(636, 6, 106, -3, -1, 2),
(637, 7, 1, -3, 0, 2),
(638, 7, 2, 1, 5, 9),
(639, 7, 3, 6, 10, 14),
(640, 7, 4, -7, -3, 0),
(641, 7, 5, -3, 0, 3),
(642, 7, 6, -3, 2, 7),
(643, 7, 7, 1, 6, 12),
(644, 7, 8, 0, 5, 10),
(645, 7, 9, 7, 8, 9),
(646, 7, 10, 5, 9, 13),
(647, 7, 11, 4, 8, 13),
(648, 7, 12, 6, 8, 11),
(649, 7, 13, -5, 0, 5),
(650, 7, 14, -5, -4, -2),
(651, 7, 15, -5, -2, 2),
(652, 7, 16, 0, 1, 1),
(653, 7, 17, 3, 4, 5),
(654, 7, 18, 1, 2, 3),
(655, 7, 19, 5, 10, 14),
(656, 7, 20, 6, 10, 14),
(657, 7, 21, -4, -3, -2),
(658, 7, 22, 1, 3, 5),
(659, 7, 23, -5, -2, 2),
(660, 7, 24, 1, 4, 8),
(661, 7, 25, 1, 3, 5),
(662, 7, 26, -2, 2, 6),
(663, 7, 27, -2, 1, 5),
(664, 7, 28, 3, 4, 5),
(665, 7, 29, 6, 8, 10),
(666, 7, 30, -3, -1, 0),
(667, 7, 31, 2, 2, 3),
(668, 7, 32, -3, 0, 2),
(669, 7, 33, 6, 6, 7),
(670, 7, 34, -3, -2, -2),
(671, 7, 35, 3, 3, 4),
(672, 7, 36, -3, 0, 4),
(673, 7, 37, -4, 0, 4),
(674, 7, 38, 3, 4, 6),
(675, 7, 39, 1, 1, 1),
(676, 7, 40, -3, -2, -1),
(677, 7, 41, 6, 6, 6),
(678, 7, 42, 0, 1, 1),
(679, 7, 43, 2, 3, 3),
(680, 7, 44, 3, 5, 7),
(681, 7, 45, 0, 1, 2),
(682, 7, 46, -4, -2, 1),
(683, 7, 47, -1, 0, 1),
(684, 7, 48, 1, 1, 2),
(685, 7, 49, -2, -1, 0),
(686, 7, 50, 4, 7, 9),
(687, 7, 51, 1, 2, 3),
(688, 7, 52, 1, 4, 7),
(689, 7, 53, 2, 2, 2),
(690, 7, 54, 4, 5, 5),
(691, 7, 55, 0, 5, 9),
(692, 7, 56, -5, -2, 1),
(693, 7, 57, -3, 0, 2),
(694, 7, 58, -2, 1, 4),
(695, 7, 59, 1, 4, 6),
(696, 7, 60, -1, 1, 4),
(697, 7, 61, -4, 1, 5),
(698, 7, 62, 1, 2, 4),
(699, 7, 63, 3, 5, 8),
(700, 7, 64, 0, 3, 6),
(701, 7, 65, -1, 1, 3),
(702, 7, 66, 2, 3, 4),
(703, 7, 67, -4, 0, 5),
(704, 7, 68, -2, -1, 0),
(705, 7, 69, -6, -1, 4),
(706, 7, 70, -1, -1, 0),
(707, 7, 71, 3, 4, 6),
(708, 7, 72, 3, 7, 11),
(709, 7, 73, -1, 3, 7),
(710, 7, 74, 3, 3, 3),
(711, 7, 75, -3, -2, -2),
(712, 7, 76, -5, -4, -3),
(713, 7, 77, 4, 7, 11),
(714, 7, 78, 2, 4, 7),
(715, 7, 79, -2, -1, -1),
(716, 7, 80, -1, 4, 8),
(717, 7, 81, -4, -3, -3),
(718, 7, 82, -4, 0, 3),
(719, 7, 83, -1, 2, 4),
(720, 7, 84, -3, -2, 0),
(721, 7, 85, 4, 5, 7),
(722, 7, 86, 2, 3, 5),
(723, 7, 87, -1, 2, 5),
(724, 7, 88, -1, 2, 5),
(725, 7, 89, 4, 5, 5),
(726, 7, 90, 2, 3, 4),
(727, 7, 91, -3, 0, 4),
(728, 7, 92, -1, 0, 1),
(729, 7, 93, -4, -1, 2),
(730, 7, 94, -5, -2, 1),
(731, 7, 95, -1, 0, 2),
(732, 7, 96, 5, 10, 16),
(733, 7, 97, 1, 1, 1),
(734, 7, 98, -4, -3, -3),
(735, 7, 99, 1, 3, 4),
(736, 7, 100, -3, -2, -1),
(737, 7, 101, -1, 1, 3),
(738, 7, 102, 1, 2, 3),
(739, 7, 103, -5, -3, -1),
(740, 7, 104, -3, -3, -2),
(741, 7, 105, -1, 2, 4),
(742, 7, 106, -3, -1, 1),
(743, 8, 1, -2, 0, 1),
(744, 8, 2, 3, 5, 7),
(745, 8, 3, 8, 10, 12),
(746, 8, 4, -5, -3, -1),
(747, 8, 5, -2, 0, 2),
(748, 8, 6, -1, 2, 5),
(749, 8, 7, 3, 6, 10),
(750, 8, 8, 2, 5, 8),
(751, 8, 9, 8, 8, 9),
(752, 8, 10, 7, 9, 11),
(753, 8, 11, 5, 8, 11),
(754, 8, 12, 7, 8, 10),
(755, 8, 13, -3, 0, 3),
(756, 8, 14, -4, -4, -3),
(757, 8, 15, -4, -2, 1),
(758, 8, 16, 0, 1, 1),
(759, 8, 17, 3, 4, 4),
(760, 8, 18, 2, 2, 3),
(761, 8, 19, 7, 10, 12),
(762, 8, 20, 7, 10, 13),
(763, 8, 21, -3, -3, -2),
(764, 8, 22, 1, 3, 4),
(765, 8, 23, -4, -2, 0),
(766, 8, 24, 2, 4, 6),
(767, 8, 25, 2, 3, 4),
(768, 8, 26, -1, 2, 5),
(769, 8, 27, -1, 1, 3),
(770, 8, 28, 3, 4, 5),
(771, 8, 29, 7, 8, 9),
(772, 8, 30, -2, -1, -1),
(773, 8, 31, 2, 2, 2),
(774, 8, 32, -2, 0, 1),
(775, 8, 33, 6, 6, 7),
(776, 8, 34, -3, -2, -2),
(777, 8, 35, 3, 3, 4),
(778, 8, 36, -1, 0, 2),
(779, 8, 37, -2, 0, 2),
(780, 8, 38, 3, 4, 5),
(781, 8, 39, 1, 1, 1),
(782, 8, 40, -3, -2, -2),
(783, 8, 41, 6, 6, 6),
(784, 8, 42, 0, 1, 1),
(785, 8, 43, 2, 3, 3),
(786, 8, 44, 4, 5, 6),
(787, 8, 45, 1, 1, 2),
(788, 8, 46, -3, -2, 0),
(789, 8, 47, -1, 0, 1),
(790, 8, 48, 1, 1, 2),
(791, 8, 49, -2, -1, 0),
(792, 8, 50, 5, 7, 8),
(793, 8, 51, 1, 2, 2),
(794, 8, 52, 2, 4, 6),
(795, 8, 53, 2, 2, 2),
(796, 8, 54, 4, 5, 5),
(797, 8, 55, 2, 5, 7),
(798, 8, 56, -3, -2, 0),
(799, 8, 57, -2, 0, 1),
(800, 8, 58, 0, 1, 3),
(801, 8, 59, 2, 4, 5),
(802, 8, 60, 0, 1, 3),
(803, 8, 61, -2, 1, 3),
(804, 8, 62, 1, 2, 3),
(805, 8, 63, 4, 5, 7),
(806, 8, 64, 1, 3, 5),
(807, 8, 65, 0, 1, 2),
(808, 8, 66, 2, 3, 4),
(809, 8, 67, -2, 0, 3),
(810, 8, 68, -1, -1, 0),
(811, 8, 69, -4, -1, 2),
(812, 8, 70, -1, -1, 0),
(813, 8, 71, 4, 4, 5),
(814, 8, 72, 4, 7, 9),
(815, 8, 73, 1, 3, 5),
(816, 8, 74, 3, 3, 3),
(817, 8, 75, -2, -2, -2),
(818, 8, 76, -4, -4, -3),
(819, 8, 77, 5, 7, 9),
(820, 8, 78, 3, 4, 6),
(821, 8, 79, -2, -1, -1),
(822, 8, 80, 1, 4, 7),
(823, 8, 81, -4, -3, -3),
(824, 8, 82, -2, 0, 2),
(825, 8, 83, 0, 2, 3),
(826, 8, 84, -3, -2, -1),
(827, 8, 85, 4, 5, 6),
(828, 8, 86, 2, 3, 4),
(829, 8, 87, 1, 2, 4),
(830, 8, 88, 0, 2, 4),
(831, 8, 89, 5, 5, 5),
(832, 8, 90, 2, 3, 4),
(833, 8, 91, -2, 0, 3),
(834, 8, 92, 0, 0, 0),
(835, 8, 93, -3, -1, 1),
(836, 8, 94, -4, -2, 0),
(837, 8, 95, 0, 0, 1),
(838, 8, 96, 7, 10, 14),
(839, 8, 97, 1, 1, 1),
(840, 8, 98, -4, -3, -3),
(841, 8, 99, 2, 3, 3),
(842, 8, 100, -3, -2, -1),
(843, 8, 101, 0, 1, 2),
(844, 8, 102, 1, 2, 3),
(845, 8, 103, -4, -3, -1),
(846, 8, 104, -3, -3, -3),
(847, 8, 105, 0, 2, 3),
(848, 8, 106, -2, -1, 1),
(849, 9, 1, -1, 0, 0),
(850, 9, 2, 4, 5, 6),
(851, 9, 3, 10, 10, 11),
(852, 9, 4, -4, -3, -3),
(853, 9, 5, 0, 0, 0),
(854, 9, 6, 1, 2, 2),
(855, 9, 7, 6, 6, 7),
(856, 9, 8, 4, 5, 6),
(857, 9, 9, 8, 8, 8),
(858, 9, 10, 8, 9, 10),
(859, 9, 11, 7, 8, 9),
(860, 9, 12, 8, 8, 9),
(861, 9, 13, -1, 0, 1),
(862, 9, 14, -4, -4, -3),
(863, 9, 15, -2, -2, -1),
(864, 9, 16, 1, 1, 1),
(865, 9, 17, 4, 4, 4),
(866, 9, 18, 2, 2, 2),
(867, 9, 19, 9, 10, 10),
(868, 9, 20, 9, 10, 11),
(869, 9, 21, -3, -3, -2),
(870, 9, 22, 3, 3, 3),
(871, 9, 23, -2, -2, -1),
(872, 9, 24, 4, 4, 5),
(873, 9, 25, 3, 3, 3),
(874, 9, 26, 1, 2, 3),
(875, 9, 27, 1, 1, 2),
(876, 9, 28, 4, 4, 4),
(877, 9, 29, 8, 8, 8),
(878, 9, 30, -2, -1, -1),
(879, 9, 31, 2, 2, 2),
(880, 9, 32, -1, 0, 0),
(881, 9, 33, 6, 6, 6),
(882, 9, 34, -2, -2, -2),
(883, 9, 35, 3, 3, 3),
(884, 9, 36, 0, 0, 1),
(885, 9, 37, -1, 0, 1),
(886, 9, 38, 4, 4, 4),
(887, 9, 39, 1, 1, 1),
(888, 9, 40, -2, -2, -2),
(889, 9, 41, 6, 6, 6),
(890, 9, 42, 1, 1, 1),
(891, 9, 43, 3, 3, 3),
(892, 9, 44, 4, 5, 5),
(893, 9, 45, 1, 1, 1),
(894, 9, 46, -2, -2, -1),
(895, 9, 47, 0, 0, 0),
(896, 9, 48, 1, 1, 1),
(897, 9, 49, -1, -1, -1),
(898, 9, 50, 6, 7, 7),
(899, 9, 51, 2, 2, 2),
(900, 9, 52, 4, 4, 5),
(901, 9, 53, 2, 2, 2),
(902, 9, 54, 5, 5, 5),
(903, 9, 55, 4, 5, 5),
(904, 9, 56, -2, -2, -1),
(905, 9, 57, -1, 0, 0),
(906, 9, 58, 1, 1, 2),
(907, 9, 59, 3, 4, 4),
(908, 9, 60, 1, 1, 2),
(909, 9, 61, 0, 1, 1),
(910, 9, 62, 2, 2, 3),
(911, 9, 63, 5, 5, 6),
(912, 9, 64, 3, 3, 4),
(913, 9, 65, 1, 1, 2),
(914, 9, 66, 3, 3, 3),
(915, 9, 67, 0, 0, 1),
(916, 9, 68, -1, -1, 0),
(917, 9, 69, -2, -1, 0),
(918, 9, 70, -1, -1, -1),
(919, 9, 71, 4, 4, 5),
(920, 9, 72, 6, 7, 8),
(921, 9, 73, 2, 3, 4),
(922, 9, 74, 3, 3, 3),
(923, 9, 75, -2, -2, -2),
(924, 9, 76, -4, -4, -4),
(925, 9, 77, 7, 7, 8),
(926, 9, 78, 4, 4, 5),
(927, 9, 79, -2, -1, -1),
(928, 9, 80, 3, 4, 4),
(929, 9, 81, -4, -3, -3),
(930, 9, 82, -1, 0, 0),
(931, 9, 83, 1, 2, 2),
(932, 9, 84, -2, -2, -1),
(933, 9, 85, 5, 5, 6),
(934, 9, 86, 3, 3, 4),
(935, 9, 87, 2, 2, 3),
(936, 9, 88, 1, 2, 2),
(937, 9, 89, 5, 5, 5),
(938, 9, 90, 3, 3, 3),
(939, 9, 91, 0, 0, 1),
(940, 9, 92, 0, 0, 0),
(941, 9, 93, -1, -1, -1),
(942, 9, 94, -3, -2, -2),
(943, 9, 95, 0, 0, 1),
(944, 9, 96, 10, 10, 11),
(945, 9, 97, 1, 1, 1),
(946, 9, 98, -3, -3, -3),
(947, 9, 99, 2, 3, 3),
(948, 9, 100, -2, -2, -2),
(949, 9, 101, 1, 1, 1),
(950, 9, 102, 2, 2, 2),
(951, 9, 103, -3, -3, -2),
(952, 9, 104, -3, -3, -3),
(953, 9, 105, 1, 2, 2),
(954, 9, 106, -1, -1, -1),
(955, 10, 1, 0, 0, -1),
(956, 10, 2, 6, 5, 4),
(957, 10, 3, 11, 10, 9),
(958, 10, 4, -2, -3, -4),
(959, 10, 5, 1, 0, -1),
(960, 10, 6, 3, 2, 0),
(961, 10, 7, 8, 6, 5),
(962, 10, 8, 6, 5, 3),
(963, 10, 9, 9, 8, 8),
(964, 10, 10, 10, 9, 8),
(965, 10, 11, 10, 8, 7),
(966, 10, 12, 9, 8, 7),
(967, 10, 13, 1, 0, -2),
(968, 10, 14, -3, -4, -4),
(969, 10, 15, 0, -2, -3),
(970, 10, 16, 1, 1, 0),
(971, 10, 17, 4, 4, 4),
(972, 10, 18, 2, 2, 2),
(973, 10, 19, 11, 10, 8),
(974, 10, 20, 11, 10, 9),
(975, 10, 21, -2, -3, -3),
(976, 10, 22, 4, 3, 2),
(977, 10, 23, 0, -2, -3),
(978, 10, 24, 6, 4, 3),
(979, 10, 25, 4, 3, 2),
(980, 10, 26, 3, 2, 1),
(981, 10, 27, 2, 1, 0),
(982, 10, 28, 4, 4, 4),
(983, 10, 29, 9, 8, 8),
(984, 10, 30, -1, -1, -2),
(985, 10, 31, 2, 2, 2),
(986, 10, 32, 0, 0, -1),
(987, 10, 33, 7, 6, 6),
(988, 10, 34, -2, -2, -2),
(989, 10, 35, 3, 3, 3),
(990, 10, 36, 2, 0, -1),
(991, 10, 37, 1, 0, -1),
(992, 10, 38, 5, 4, 4),
(993, 10, 39, 1, 1, 1),
(994, 10, 40, -2, -2, -2),
(995, 10, 41, 6, 6, 6),
(996, 10, 42, 1, 1, 1),
(997, 10, 43, 3, 3, 2),
(998, 10, 44, 5, 5, 4),
(999, 10, 45, 2, 1, 1),
(1000, 10, 46, -1, -2, -2),
(1001, 10, 47, 0, 0, 0),
(1002, 10, 48, 2, 1, 1),
(1003, 10, 49, -1, -1, -1),
(1004, 10, 50, 7, 7, 6),
(1005, 10, 51, 2, 2, 2),
(1006, 10, 52, 5, 4, 3),
(1007, 10, 53, 2, 2, 2),
(1008, 10, 54, 5, 5, 4),
(1009, 10, 55, 6, 5, 3),
(1010, 10, 56, -1, -2, -3),
(1011, 10, 57, 0, 0, -1),
(1012, 10, 58, 2, 1, 0),
(1013, 10, 59, 4, 4, 3),
(1014, 10, 60, 2, 1, 0),
(1015, 10, 61, 2, 1, -1),
(1016, 10, 62, 3, 2, 2),
(1017, 10, 63, 6, 5, 5),
(1018, 10, 64, 4, 3, 2),
(1019, 10, 65, 2, 1, 1),
(1020, 10, 66, 3, 3, 3),
(1021, 10, 67, 2, 0, -1),
(1022, 10, 68, 0, -1, -1),
(1023, 10, 69, 0, -1, -3),
(1024, 10, 70, -1, -1, -1),
(1025, 10, 71, 5, 4, 4),
(1026, 10, 72, 8, 7, 5),
(1027, 10, 73, 4, 3, 2),
(1028, 10, 74, 3, 3, 3),
(1029, 10, 75, -2, -2, -2),
(1030, 10, 76, -4, -4, -4),
(1031, 10, 77, 8, 7, 6),
(1032, 10, 78, 5, 4, 3),
(1033, 10, 79, -1, -1, -2),
(1034, 10, 80, 5, 4, 2),
(1035, 10, 81, -3, -3, -4),
(1036, 10, 82, 1, 0, -1),
(1037, 10, 83, 3, 2, 1),
(1038, 10, 84, -1, -2, -2),
(1039, 10, 85, 6, 5, 5),
(1040, 10, 86, 4, 3, 3),
(1041, 10, 87, 3, 2, 1),
(1042, 10, 88, 3, 2, 1),
(1043, 10, 89, 5, 5, 5),
(1044, 10, 90, 4, 3, 3),
(1045, 10, 91, 2, 0, -1),
(1046, 10, 92, 0, 0, 0),
(1047, 10, 93, 0, -1, -2),
(1048, 10, 94, -1, -2, -3),
(1049, 10, 95, 1, 0, 0),
(1050, 10, 96, 12, 10, 9),
(1051, 10, 97, 1, 1, 1),
(1052, 10, 98, -3, -3, -4),
(1053, 10, 99, 3, 3, 2),
(1054, 10, 100, -2, -2, -2),
(1055, 10, 101, 2, 1, 0),
(1056, 10, 102, 3, 2, 2),
(1057, 10, 103, -2, -3, -3),
(1058, 10, 104, -3, -3, -3),
(1059, 10, 105, 2, 2, 1),
(1060, 10, 106, 0, -1, -2),
(1061, 11, 1, 1, 0, -2),
(1062, 11, 2, 8, 5, 2),
(1063, 11, 3, 13, 10, 7),
(1064, 11, 4, -1, -3, -6),
(1065, 11, 5, 2, 0, -2),
(1066, 11, 6, 5, 2, -2),
(1067, 11, 7, 10, 6, 3),
(1068, 11, 8, 9, 5, 1),
(1069, 11, 9, 9, 8, 7),
(1070, 11, 10, 12, 9, 6),
(1071, 11, 11, 12, 8, 5),
(1072, 11, 12, 10, 8, 6),
(1073, 11, 13, 3, 0, -4),
(1074, 11, 14, -3, -4, -5),
(1075, 11, 15, 1, -2, -5),
(1076, 11, 16, 1, 1, 0),
(1077, 11, 17, 4, 4, 3),
(1078, 11, 18, 3, 2, 2),
(1079, 11, 19, 13, 10, 6),
(1080, 11, 20, 13, 10, 7),
(1081, 11, 21, -2, -3, -3),
(1082, 11, 22, 5, 3, 1),
(1083, 11, 23, 1, -2, -4),
(1084, 11, 24, 7, 4, 2),
(1085, 11, 25, 5, 3, 1),
(1086, 11, 26, 5, 2, -1),
(1087, 11, 27, 4, 1, -1),
(1088, 11, 28, 5, 4, 3),
(1089, 11, 29, 10, 8, 7),
(1090, 11, 30, 0, -1, -2),
(1091, 11, 31, 2, 2, 2),
(1092, 11, 32, 1, 0, -2),
(1093, 11, 33, 7, 6, 6),
(1094, 11, 34, -2, -2, -3),
(1095, 11, 35, 4, 3, 3),
(1096, 11, 36, 3, 0, -2),
(1097, 11, 37, 3, 0, -3),
(1098, 11, 38, 5, 4, 3),
(1099, 11, 39, 1, 1, 1),
(1100, 11, 40, -1, -2, -3),
(1101, 11, 41, 6, 6, 6),
(1102, 11, 42, 1, 1, 0),
(1103, 11, 43, 3, 3, 2),
(1104, 11, 44, 6, 5, 3),
(1105, 11, 45, 2, 1, 0),
(1106, 11, 46, 0, -2, -3),
(1107, 11, 47, 1, 0, -1),
(1108, 11, 48, 2, 1, 1),
(1109, 11, 49, 0, -1, -2),
(1110, 11, 50, 9, 7, 5),
(1111, 11, 51, 2, 2, 1),
(1112, 11, 52, 6, 4, 2),
(1113, 11, 53, 2, 2, 2),
(1114, 11, 54, 5, 5, 4),
(1115, 11, 55, 8, 5, 1),
(1116, 11, 56, 1, -2, -4),
(1117, 11, 57, 2, 0, -2),
(1118, 11, 58, 4, 1, -1),
(1119, 11, 59, 5, 4, 2),
(1120, 11, 60, 3, 1, -1),
(1121, 11, 61, 4, 1, -3),
(1122, 11, 62, 4, 2, 1),
(1123, 11, 63, 7, 5, 4),
(1124, 11, 64, 6, 3, 1),
(1125, 11, 65, 3, 1, 0),
(1126, 11, 66, 4, 3, 2),
(1127, 11, 67, 4, 0, -3),
(1128, 11, 68, 0, -1, -1),
(1129, 11, 69, 2, -1, -5),
(1130, 11, 70, 0, -1, -1),
(1131, 11, 71, 5, 4, 3),
(1132, 11, 72, 10, 7, 4),
(1133, 11, 73, 6, 3, 0),
(1134, 11, 74, 3, 3, 3),
(1135, 11, 75, -2, -2, -2),
(1136, 11, 76, -3, -4, -4),
(1137, 11, 77, 10, 7, 4),
(1138, 11, 78, 6, 4, 2),
(1139, 11, 79, -1, -1, -2),
(1140, 11, 80, 7, 4, 0),
(1141, 11, 81, -3, -3, -4),
(1142, 11, 82, 2, 0, -3),
(1143, 11, 83, 4, 2, 0),
(1144, 11, 84, 0, -2, -3),
(1145, 11, 85, 7, 5, 4),
(1146, 11, 86, 5, 3, 2),
(1147, 11, 87, 4, 2, 0),
(1148, 11, 88, 4, 2, 0),
(1149, 11, 89, 5, 5, 4),
(1150, 11, 90, 4, 3, 2),
(1151, 11, 91, 3, 0, -2),
(1152, 11, 92, 0, 0, -1),
(1153, 11, 93, 1, -1, -3),
(1154, 11, 94, 0, -2, -5),
(1155, 11, 95, 1, 0, 0),
(1156, 11, 96, 14, 10, 7),
(1157, 11, 97, 1, 1, 1),
(1158, 11, 98, -3, -3, -4),
(1159, 11, 99, 3, 3, 2),
(1160, 11, 100, -1, -2, -3),
(1161, 11, 101, 3, 1, -1),
(1162, 11, 102, 3, 2, 1),
(1163, 11, 103, -1, -3, -4),
(1164, 11, 104, -3, -3, -3),
(1165, 11, 105, 3, 2, 0),
(1166, 11, 106, 1, -1, -3),
(1167, 12, 1, 2, 0, -3),
(1168, 12, 2, 9, 5, 1),
(1169, 12, 3, 14, 10, 6),
(1170, 12, 4, 0, -3, -7),
(1171, 12, 5, 3, 0, -3),
(1172, 12, 6, 7, 2, -3),
(1173, 12, 7, 12, 6, 1),
(1174, 12, 8, 10, 5, 0),
(1175, 12, 9, 10, 8, 7),
(1176, 12, 10, 13, 9, 5),
(1177, 12, 11, 13, 8, 4),
(1178, 12, 12, 11, 8, 5),
(1179, 12, 13, 5, 0, -5),
(1180, 12, 14, -2, -4, -5),
(1181, 12, 15, 2, -2, -6),
(1182, 12, 16, 1, 1, 0),
(1183, 12, 17, 5, 4, 3),
(1184, 12, 18, 3, 2, 1),
(1185, 12, 19, 14, 10, 5),
(1186, 12, 20, 14, 10, 6),
(1187, 12, 21, -2, -3, -4),
(1188, 12, 22, 5, 3, 0),
(1189, 12, 23, 2, -2, -5),
(1190, 12, 24, 8, 4, 1),
(1191, 12, 25, 5, 3, 1),
(1192, 12, 26, 6, 2, -2),
(1193, 12, 27, 5, 1, -2),
(1194, 12, 28, 5, 4, 3),
(1195, 12, 29, 10, 8, 6),
(1196, 12, 30, 0, -1, -3),
(1197, 12, 31, 3, 2, 2),
(1198, 12, 32, 2, 0, -3),
(1199, 12, 33, 7, 6, 6),
(1200, 12, 34, -2, -2, -3),
(1201, 12, 35, 4, 3, 3),
(1202, 12, 36, 4, 0, -3),
(1203, 12, 37, 4, 0, -4),
(1204, 12, 38, 6, 4, 2),
(1205, 12, 39, 1, 1, 1),
(1206, 12, 40, -1, -2, -3),
(1207, 12, 41, 6, 6, 6),
(1208, 12, 42, 1, 1, 0),
(1209, 12, 43, 3, 3, 2),
(1210, 12, 44, 7, 5, 3),
(1211, 12, 45, 2, 1, 0),
(1212, 12, 46, 1, -2, -4),
(1213, 12, 47, 1, 0, -1),
(1214, 12, 48, 2, 1, 1),
(1215, 12, 49, 0, -1, -2),
(1216, 12, 50, 9, 7, 4),
(1217, 12, 51, 3, 2, 1),
(1218, 12, 52, 7, 4, 1),
(1219, 12, 53, 2, 2, 2),
(1220, 12, 54, 5, 5, 4),
(1221, 12, 55, 9, 5, 0),
(1222, 12, 56, 1, -2, -5),
(1223, 12, 57, 2, 0, -3),
(1224, 12, 58, 4, 1, -2),
(1225, 12, 59, 6, 4, 1),
(1226, 12, 60, 4, 1, -1),
(1227, 12, 61, 5, 1, -4),
(1228, 12, 62, 4, 2, 1),
(1229, 12, 63, 8, 5, 3),
(1230, 12, 64, 6, 3, 0),
(1231, 12, 65, 3, 1, -1),
(1232, 12, 66, 4, 3, 2),
(1233, 12, 67, 5, 0, -4),
(1234, 12, 68, 0, -1, -2),
(1235, 12, 69, 4, -1, -6),
(1236, 12, 70, 0, -1, -1),
(1237, 12, 71, 6, 4, 3),
(1238, 12, 72, 11, 7, 2),
(1239, 12, 73, 7, 3, -1),
(1240, 12, 74, 3, 3, 3),
(1241, 12, 75, -2, -2, -3),
(1242, 12, 76, -3, -4, -5),
(1243, 12, 77, 11, 7, 3),
(1244, 12, 78, 7, 4, 2),
(1245, 12, 79, -1, -1, -2),
(1246, 12, 80, 9, 4, -1),
(1247, 12, 81, -3, -3, -4),
(1248, 12, 82, 3, 0, -4),
(1249, 12, 83, 4, 2, -1),
(1250, 12, 84, 0, -2, -3),
(1251, 12, 85, 7, 5, 4),
(1252, 12, 86, 5, 3, 2),
(1253, 12, 87, 5, 2, -1),
(1254, 12, 88, 5, 2, -1),
(1255, 12, 89, 5, 5, 4),
(1256, 12, 90, 5, 3, 2),
(1257, 12, 91, 4, 0, -3),
(1258, 12, 92, 1, 0, -1),
(1259, 12, 93, 2, -1, -4),
(1260, 12, 94, 1, -2, -6),
(1261, 12, 95, 2, 0, -1),
(1262, 12, 96, 16, 10, 5),
(1263, 12, 97, 1, 1, 1),
(1264, 12, 98, -3, -3, -4),
(1265, 12, 99, 4, 3, 1),
(1266, 12, 100, -1, -2, -3),
(1267, 12, 101, 3, 1, -1),
(1268, 12, 102, 3, 2, 1),
(1269, 12, 103, -1, -3, -5),
(1270, 12, 104, -2, -3, -3),
(1271, 12, 105, 4, 2, -1),
(1272, 12, 106, 1, -1, -3),
(1273, 1, 107, 0, 0, 0),
(1274, 2, 107, 0, 0, 0),
(1275, 3, 107, 0, 0, 0),
(1276, 4, 107, 0, 0, 0),
(1277, 5, 107, 0, 0, 0),
(1278, 6, 107, 0, 0, 0),
(1279, 7, 107, 0, 0, 0),
(1280, 8, 107, 0, 0, 0),
(1281, 9, 107, 0, 0, 0),
(1282, 10, 107, 0, 0, 0),
(1283, 11, 107, 0, 0, 0),
(1284, 12, 107, 0, 0, 0),
(1285, 1, 1000, -5, -5, -5),
(1286, 2, 1000, -5, -5, -5),
(1287, 3, 1000, -5, -5, -5),
(1288, 4, 1000, -5, -5, -5),
(1289, 5, 1000, -5, -5, -5),
(1290, 6, 1000, -5, -5, -5),
(1291, 7, 1000, -5, -5, -5),
(1292, 8, 1000, -5, -5, -5),
(1293, 9, 1000, -5, -5, -5),
(1294, 10, 1000, -5, -5, -5),
(1295, 11, 1000, -5, -5, -5),
(1296, 12, 1000, -5, -5, -5),
(1297, 1, 2000, -6, -6, -6),
(1298, 2, 2000, -6, -6, -6),
(1299, 3, 2000, -6, -6, -6),
(1300, 4, 2000, -6, -6, -6),
(1301, 5, 2000, -6, -6, -6),
(1302, 6, 2000, -6, -6, -6),
(1303, 7, 2000, -6, -6, -6),
(1304, 8, 2000, -6, -6, -6),
(1305, 9, 2000, -6, -6, -6),
(1306, 10, 2000, -6, -6, -6),
(1307, 11, 2000, -6, -6, -6),
(1308, 12, 2000, -6, -6, -6),
(1309, 1, 3000, -5, -5, -5),
(1310, 2, 3000, -5, -5, -5),
(1311, 3, 3000, -5, -5, -5),
(1312, 4, 3000, -5, -5, -5),
(1313, 5, 3000, -5, -5, -5),
(1314, 6, 3000, -5, -5, -5),
(1315, 7, 3000, -5, -5, -5),
(1316, 8, 3000, -5, -5, -5),
(1317, 9, 3000, -5, -5, -5),
(1318, 10, 3000, -5, -5, -5),
(1319, 11, 3000, -5, -5, -5),
(1320, 12, 3000, -5, -5, -5),
(1321, 1, 4000, -8, -8, -8),
(1322, 2, 4000, -8, -8, -8),
(1323, 3, 4000, -8, -8, -8),
(1324, 4, 4000, -8, -8, -8),
(1325, 5, 4000, -8, -8, -8),
(1326, 6, 4000, -8, -8, -8),
(1327, 7, 4000, -8, -8, -8),
(1328, 8, 4000, -8, -8, -8),
(1329, 9, 4000, -8, -8, -8),
(1330, 10, 4000, -8, -8, -8),
(1331, 11, 4000, -8, -8, -8),
(1332, 12, 4000, -8, -8, -8),
(1333, 1, 5000, -6, -6, -6),
(1334, 2, 5000, -6, -6, -6),
(1335, 3, 5000, -6, -6, -6),
(1336, 4, 5000, -6, -6, -6),
(1337, 5, 5000, -6, -6, -6),
(1338, 6, 5000, -6, -6, -6),
(1339, 7, 5000, -6, -6, -6),
(1340, 8, 5000, -6, -6, -6),
(1341, 9, 5000, -6, -6, -6),
(1342, 10, 5000, -6, -6, -6),
(1343, 11, 5000, -6, -6, -6),
(1344, 12, 5000, -6, -6, -6),
(1345, 1, 6000, -3, -3, -3),
(1346, 2, 6000, -3, -3, -3),
(1347, 3, 6000, -3, -3, -3),
(1348, 4, 6000, -3, -3, -3),
(1349, 5, 6000, -3, -3, -3),
(1350, 6, 6000, -3, -3, -3),
(1351, 7, 6000, -3, -3, -3),
(1352, 8, 6000, -3, -3, -3),
(1353, 9, 6000, -3, -3, -3),
(1354, 10, 6000, -3, -3, -3),
(1355, 11, 6000, -3, -3, -3),
(1356, 12, 6000, -3, -3, -3),
(1357, 1, 7000, -4, -4, -4),
(1358, 2, 7000, -4, -4, -4),
(1359, 3, 7000, -4, -4, -4),
(1360, 4, 7000, -4, -4, -4),
(1361, 5, 7000, -4, -4, -4),
(1362, 6, 7000, -4, -4, -4),
(1363, 7, 7000, -4, -4, -4),
(1364, 8, 7000, -4, -4, -4),
(1365, 9, 7000, -4, -4, -4),
(1366, 10, 7000, -4, -4, -4),
(1367, 11, 7000, -4, -4, -4),
(1368, 12, 7000, -4, -4, -4),
(1369, 1, 8000, -4, -4, -4),
(1370, 2, 8000, -4, -4, -4),
(1371, 3, 8000, -4, -4, -4),
(1372, 4, 8000, -4, -4, -4),
(1373, 5, 8000, -4, -4, -4),
(1374, 6, 8000, -4, -4, -4),
(1375, 7, 8000, -4, -4, -4),
(1376, 8, 8000, -4, -4, -4),
(1377, 9, 8000, -4, -4, -4),
(1378, 10, 8000, -4, -4, -4),
(1379, 11, 8000, -4, -4, -4),
(1380, 12, 8000, -4, -4, -4),
(1381, 1, 9000, -7, -7, -7),
(1382, 2, 9000, -7, -7, -7),
(1383, 3, 9000, -7, -7, -7),
(1384, 4, 9000, -7, -7, -7),
(1385, 5, 9000, -7, -7, -7),
(1386, 6, 9000, -7, -7, -7),
(1387, 7, 9000, -7, -7, -7),
(1388, 8, 9000, -7, -7, -7),
(1389, 9, 9000, -7, -7, -7),
(1390, 10, 9000, -7, -7, -7),
(1391, 11, 9000, -7, -7, -7),
(1392, 12, 9000, -7, -7, -7),
(1393, 1, 10000, -6, -6, -6),
(1394, 2, 10000, -6, -6, -6),
(1395, 3, 10000, -6, -6, -6),
(1396, 4, 10000, -6, -6, -6),
(1397, 5, 10000, -6, -6, -6),
(1398, 6, 10000, -6, -6, -6),
(1399, 7, 10000, -6, -6, -6),
(1400, 8, 10000, -6, -6, -6),
(1401, 9, 10000, -6, -6, -6),
(1402, 10, 10000, -6, -6, -6),
(1403, 11, 10000, -6, -6, -6),
(1404, 12, 10000, -6, -6, -6),
(1405, 1, 11000, -6, -6, -6),
(1406, 2, 11000, -6, -6, -6),
(1407, 3, 11000, -6, -6, -6),
(1408, 4, 11000, -6, -6, -6),
(1409, 5, 11000, -6, -6, -6),
(1410, 6, 11000, -6, -6, -6),
(1411, 7, 11000, -6, -6, -6),
(1412, 8, 11000, -6, -6, -6),
(1413, 9, 11000, -6, -6, -6),
(1414, 10, 11000, -6, -6, -6),
(1415, 11, 11000, -6, -6, -6),
(1416, 12, 11000, -6, -6, -6);

-- --------------------------------------------------------

--
-- Table structure for table `schedule`
--

CREATE TABLE IF NOT EXISTS `schedule` (
  `_id` int(11) NOT NULL,
  `datum` text,
  `fajr` text NOT NULL,
  `sunrise` text NOT NULL,
  `dhuhr` text NOT NULL,
  `asr` text NOT NULL,
  `maghrib` text NOT NULL,
  `isha` text NOT NULL,
  PRIMARY KEY (`_id`)
) ENGINE=InnoDB DEFAULT CHARSET=latin1;

--
-- Dumping data for table `schedule`
--

INSERT INTO `schedule` (`_id`, `datum`, `fajr`, `sunrise`, `dhuhr`, `asr`, `maghrib`, `isha`) VALUES
(1, '01-01', '05:31', '07:15', '11:51', '14:01', '16:25', '17:57'),
(2, '01-02', '05:31', '07:15', '11:51', '14:02', '16:26', '17:58'),
(3, '01-03', '05:31', '07:16', '11:52', '14:03', '16:27', '17:59'),
(4, '01-04', '05:32', '07:16', '11:52', '14:04', '16:28', '18:00'),
(5, '01-05', '05:32', '07:16', '11:53', '14:05', '16:29', '18:01'),
(6, '01-06', '05:32', '07:15', '11:53', '14:06', '16:30', '18:02'),
(7, '01-07', '05:32', '07:15', '11:54', '14:06', '16:31', '18:03'),
(8, '01-08', '05:32', '07:15', '11:54', '14:07', '16:32', '18:04'),
(9, '01-09', '05:32', '07:15', '11:55', '14:08', '16:33', '18:05'),
(10, '01-10', '05:32', '07:14', '11:55', '14:09', '16:34', '18:06'),
(11, '01-11', '05:31', '07:14', '11:55', '14:10', '16:35', '18:06'),
(12, '01-12', '05:31', '07:14', '11:56', '14:11', '16:36', '18:07'),
(13, '01-13', '05:31', '07:13', '11:56', '14:12', '16:37', '18:08'),
(14, '01-14', '05:31', '07:13', '11:56', '14:13', '16:39', '18:09'),
(15, '01-15', '05:31', '07:12', '11:57', '14:14', '16:40', '18:10'),
(16, '01-16', '05:30', '07:12', '11:57', '14:15', '16:41', '18:11'),
(17, '01-17', '05:29', '07:11', '11:57', '14:16', '16:43', '18:12'),
(18, '01-18', '05:29', '07:11', '11:58', '14:18', '16:44', '18:13'),
(19, '01-19', '05:29', '07:10', '11:58', '14:19', '16:45', '18:14'),
(20, '01-20', '05:29', '07:09', '11:58', '14:20', '16:46', '18:15'),
(21, '01-21', '05:28', '07:08', '11:59', '14:21', '16:47', '18:16'),
(22, '01-22', '05:28', '07:08', '11:59', '14:22', '16:48', '18:17'),
(23, '01-23', '05:27', '07:07', '11:59', '14:23', '16:49', '18:18'),
(24, '01-24', '05:27', '07:06', '11:59', '14:24', '16:51', '18:20'),
(25, '01-25', '05:26', '07:05', '12:00', '14:25', '16:52', '18:21'),
(26, '01-26', '05:25', '07:04', '12:00', '14:26', '16:54', '18:22'),
(27, '01-27', '05:24', '07:03', '12:00', '14:28', '16:55', '18:23'),
(28, '01-28', '05:24', '07:03', '12:00', '14:29', '16:57', '18:25'),
(29, '01-29', '05:23', '07:02', '12:00', '14:30', '16:58', '18:26'),
(30, '01-30', '05:22', '07:01', '12:01', '14:31', '16:59', '18:27'),
(31, '01-31', '05:21', '07:00', '12:01', '14:32', '17:01', '18:28'),
(32, '02-01', '05:20', '06:59', '12:01', '14:33', '17:02', '18:29'),
(33, '02-02', '05:19', '06:58', '12:01', '14:34', '17:04', '18:30'),
(34, '02-03', '05:18', '06:56', '12:01', '14:35', '17:05', '18:31'),
(35, '02-04', '05:17', '06:55', '12:01', '14:36', '17:07', '18:32'),
(36, '02-05', '05:16', '06:54', '12:01', '14:38', '17:08', '18:33'),
(37, '02-06', '05:15', '06:53', '12:01', '14:39', '17:10', '18:35'),
(38, '02-07', '05:14', '06:51', '12:02', '14:41', '17:11', '18:36'),
(39, '02-08', '05:13', '06:50', '12:02', '14:42', '17:12', '18:37'),
(40, '02-09', '05:12', '06:49', '12:02', '14:43', '17:14', '18:39'),
(41, '02-10', '05:11', '06:47', '12:02', '14:44', '17:15', '18:40'),
(42, '02-11', '05:10', '06:46', '12:02', '14:45', '17:16', '18:41'),
(43, '02-12', '05:08', '06:44', '12:02', '14:45', '17:17', '18:42'),
(44, '02-13', '05:07', '06:43', '12:02', '14:46', '17:18', '18:43'),
(45, '02-14', '05:06', '06:42', '12:02', '14:47', '17:20', '18:45'),
(46, '02-15', '05:05', '06:40', '12:02', '14:48', '17:21', '18:46'),
(47, '02-16', '05:04', '06:39', '12:02', '14:49', '17:23', '18:48'),
(48, '02-17', '05:02', '06:37', '12:01', '14:50', '17:24', '18:49'),
(49, '02-18', '05:00', '06:36', '12:01', '14:51', '17:25', '18:50'),
(50, '02-19', '04:59', '06:35', '12:01', '14:52', '17:27', '18:51'),
(51, '02-20', '04:57', '06:33', '12:01', '14:53', '17:28', '18:52'),
(52, '02-21', '04:56', '06:32', '12:01', '14:54', '17:30', '18:53'),
(53, '02-22', '04:54', '06:30', '12:01', '14:55', '17:31', '18:54'),
(54, '02-23', '04:53', '06:28', '12:01', '14:56', '17:32', '18:55'),
(55, '02-24', '04:52', '06:27', '12:01', '14:57', '17:34', '18:57'),
(56, '02-25', '04:50', '06:25', '12:01', '14:58', '17:35', '18:58'),
(57, '02-26', '04:48', '06:23', '12:00', '14:59', '17:36', '18:59'),
(58, '02-27', '04:47', '06:22', '12:00', '15:00', '17:37', '19:01'),
(59, '02-28', '04:45', '06:20', '12:00', '15:01', '17:38', '19:02'),
(60, '02-29', '04:44', '06:19', '12:00', '15:02', '17:39', '19:04'),
(61, '03-01', '04:42', '06:18', '12:00', '15:03', '17:40', '19:05'),
(62, '03-02', '04:40', '06:16', '12:00', '15:04', '17:41', '19:06'),
(63, '03-03', '04:38', '06:15', '11:59', '15:04', '17:42', '19:07'),
(64, '03-04', '04:37', '06:13', '11:59', '15:05', '17:44', '19:09'),
(65, '03-05', '04:35', '06:11', '11:59', '15:07', '17:45', '19:10'),
(66, '03-06', '04:34', '06:09', '11:59', '15:08', '17:46', '19:11'),
(67, '03-07', '04:32', '06:08', '11:59', '15:09', '17:48', '19:13'),
(68, '03-08', '04:30', '06:07', '11:58', '15:10', '17:49', '19:14'),
(69, '03-09', '04:28', '06:05', '11:58', '15:10', '17:50', '19:15'),
(70, '03-10', '04:27', '06:03', '11:58', '15:11', '17:52', '19:17'),
(71, '03-11', '04:25', '06:01', '11:58', '15:12', '17:53', '19:18'),
(72, '03-12', '04:23', '05:59', '11:57', '15:12', '17:54', '19:19'),
(73, '03-13', '04:21', '05:58', '11:57', '15:12', '17:56', '19:21'),
(74, '03-14', '04:19', '05:56', '11:57', '15:13', '17:57', '19:22'),
(75, '03-15', '04:16', '05:54', '11:56', '15:14', '17:58', '19:23'),
(76, '03-16', '04:15', '05:52', '11:56', '15:15', '17:59', '19:24'),
(77, '03-17', '04:13', '05:50', '11:56', '15:16', '18:00', '19:26'),
(78, '03-18', '04:11', '05:48', '11:56', '15:17', '18:01', '19:27'),
(79, '03-19', '04:09', '05:46', '11:55', '15:17', '18:02', '19:28'),
(80, '03-20', '04:07', '05:44', '11:55', '15:18', '18:04', '19:30'),
(81, '03-21', '04:05', '05:43', '11:55', '15:19', '18:05', '19:31'),
(82, '03-22', '04:03', '05:41', '11:54', '15:20', '18:06', '19:32'),
(83, '03-23', '04:01', '05:39', '11:54', '15:20', '18:08', '19:34'),
(84, '03-24', '04:00', '05:37', '11:54', '15:21', '18:09', '19:35'),
(85, '03-25', '03:58', '05:36', '11:53', '15:21', '18:10', '19:36'),
(86, '03-26', '03:56', '05:34', '11:53', '15:22', '18:11', '19:38'),
(87, '03-27', '03:53', '05:32', '11:53', '15:22', '18:13', '19:40'),
(88, '03-28', '03:51', '05:31', '11:53', '15:23', '18:14', '19:41'),
(89, '03-29', '03:48', '05:29', '11:52', '15:23', '18:15', '19:42'),
(90, '03-30', '03:47', '05:27', '11:52', '15:24', '18:16', '19:43'),
(91, '03-31', '04:45', '06:25', '12:52', '16:24', '19:18', '20:45'),
(92, '04-01', '04:43', '06:23', '12:51', '16:25', '19:19', '20:47'),
(93, '04-02', '04:40', '06:21', '12:51', '16:25', '19:20', '20:48'),
(94, '04-03', '04:38', '06:19', '12:51', '16:25', '19:21', '20:49'),
(95, '04-04', '04:35', '06:17', '12:50', '16:25', '19:22', '20:50'),
(96, '04-05', '04:33', '06:15', '12:50', '16:26', '19:23', '20:52'),
(97, '04-06', '04:31', '06:14', '12:50', '16:27', '19:24', '20:53'),
(98, '04-07', '04:29', '06:12', '12:50', '16:28', '19:25', '20:55'),
(99, '04-08', '04:27', '06:10', '12:49', '16:28', '19:27', '20:57'),
(100, '04-09', '04:25', '06:08', '12:49', '16:29', '19:28', '20:58'),
(101, '04-10', '04:23', '06:06', '12:49', '16:30', '19:29', '21:00'),
(102, '04-11', '04:21', '06:05', '12:48', '16:30', '19:31', '21:02'),
(103, '04-12', '04:18', '06:04', '12:48', '16:31', '19:32', '21:03'),
(104, '04-13', '04:16', '06:02', '12:48', '16:31', '19:33', '21:05'),
(105, '04-14', '04:14', '06:00', '12:48', '16:31', '19:34', '21:06'),
(106, '04-15', '04:12', '05:58', '12:47', '16:31', '19:36', '21:08'),
(107, '04-16', '04:09', '05:57', '12:47', '16:32', '19:37', '21:09'),
(108, '04-17', '04:07', '05:55', '12:47', '16:32', '19:38', '21:11'),
(109, '04-18', '04:05', '05:53', '12:47', '16:32', '19:39', '21:13'),
(110, '04-19', '04:03', '05:52', '12:46', '16:33', '19:40', '21:15'),
(111, '04-20', '04:01', '05:50', '12:46', '16:33', '19:41', '21:16'),
(112, '04-21', '03:59', '05:48', '12:46', '16:34', '19:42', '21:18'),
(113, '04-22', '03:57', '05:46', '12:46', '16:35', '19:43', '21:19'),
(114, '04-23', '03:55', '05:45', '12:46', '16:35', '19:45', '21:21'),
(115, '04-24', '03:52', '05:43', '12:45', '16:36', '19:46', '21:22'),
(116, '04-25', '03:50', '05:42', '12:45', '16:36', '19:47', '21:24'),
(117, '04-26', '03:48', '05:40', '12:45', '16:36', '19:48', '21:26'),
(118, '04-27', '03:46', '05:39', '12:45', '16:37', '19:50', '21:28'),
(119, '04-28', '03:43', '05:38', '12:45', '16:38', '19:51', '21:30'),
(120, '04-29', '03:41', '05:36', '12:45', '16:38', '19:52', '21:32'),
(121, '04-30', '03:38', '05:35', '12:44', '16:38', '19:53', '21:33'),
(122, '05-01', '03:36', '05:33', '12:44', '16:38', '19:55', '21:35'),
(123, '05-02', '03:34', '05:32', '12:44', '16:39', '19:56', '21:37'),
(124, '05-03', '03:32', '05:30', '12:44', '16:39', '19:57', '21:39'),
(125, '05-04', '03:30', '05:29', '12:44', '16:39', '19:58', '21:40'),
(126, '05-05', '03:28', '05:27', '12:44', '16:39', '20:00', '21:42'),
(127, '05-06', '03:26', '05:26', '12:44', '16:40', '20:01', '21:44'),
(128, '05-07', '03:24', '05:25', '12:44', '16:40', '20:02', '21:46'),
(129, '05-08', '03:22', '05:23', '12:44', '16:40', '20:03', '21:47'),
(130, '05-09', '03:20', '05:22', '12:44', '16:41', '20:04', '21:49'),
(131, '05-10', '03:18', '05:21', '12:44', '16:41', '20:05', '21:51'),
(132, '05-11', '03:16', '05:19', '12:44', '16:42', '20:06', '21:53'),
(133, '05-12', '03:14', '05:18', '12:44', '16:42', '20:07', '21:55'),
(134, '05-13', '03:12', '05:17', '12:44', '16:43', '20:08', '21:57'),
(135, '05-14', '03:10', '05:16', '12:44', '16:44', '20:09', '21:58'),
(136, '05-15', '03:08', '05:15', '12:44', '16:44', '20:11', '22:00'),
(137, '05-16', '03:06', '05:14', '12:44', '16:45', '20:12', '22:02'),
(138, '05-17', '03:04', '05:13', '12:44', '16:45', '20:13', '22:04'),
(139, '05-18', '03:02', '05:12', '12:44', '16:45', '20:14', '22:05'),
(140, '05-19', '03:01', '05:11', '12:44', '16:46', '20:15', '22:07'),
(141, '05-20', '02:59', '05:10', '12:44', '16:46', '20:16', '22:08'),
(142, '05-21', '02:57', '05:09', '12:44', '16:46', '20:17', '22:10'),
(143, '05-22', '02:55', '05:08', '12:44', '16:46', '20:18', '22:12'),
(144, '05-23', '02:53', '05:07', '12:44', '16:46', '20:19', '22:14'),
(145, '05-24', '02:51', '05:07', '12:44', '16:46', '20:20', '22:15'),
(146, '05-25', '02:50', '05:06', '12:44', '16:47', '20:21', '22:17'),
(147, '05-26', '02:48', '05:05', '12:44', '16:47', '20:22', '22:18'),
(148, '05-27', '02:46', '05:04', '12:44', '16:47', '20:23', '22:20'),
(149, '05-28', '02:44', '05:03', '12:44', '16:47', '20:24', '22:21'),
(150, '05-29', '02:43', '05:03', '12:44', '16:48', '20:25', '22:23'),
(151, '05-30', '02:42', '05:02', '12:45', '16:49', '20:26', '22:25'),
(152, '05-31', '02:41', '05:01', '12:45', '16:49', '20:27', '22:26'),
(153, '06-01', '02:39', '05:01', '12:45', '16:49', '20:27', '22:27'),
(154, '06-02', '02:38', '05:00', '12:45', '16:49', '20:28', '22:29'),
(155, '06-03', '02:36', '05:00', '12:45', '16:49', '20:28', '22:30'),
(156, '06-04', '02:35', '04:59', '12:45', '16:49', '20:29', '22:32'),
(157, '06-05', '02:34', '04:59', '12:46', '16:50', '20:30', '22:34'),
(158, '06-06', '02:33', '04:58', '12:46', '16:51', '20:31', '22:35'),
(159, '06-07', '02:32', '04:58', '12:46', '16:51', '20:31', '22:36'),
(160, '06-08', '02:31', '04:57', '12:46', '16:51', '20:32', '22:37'),
(161, '06-09', '02:30', '04:57', '12:46', '16:51', '20:33', '22:38'),
(162, '06-10', '02:30', '04:57', '12:47', '16:52', '20:33', '22:38'),
(163, '06-11', '02:29', '04:57', '12:47', '16:52', '20:34', '22:39'),
(164, '06-12', '02:28', '04:57', '12:47', '16:53', '20:34', '22:40'),
(165, '06-13', '02:27', '04:56', '12:47', '16:53', '20:35', '22:41'),
(166, '06-14', '02:27', '04:56', '12:47', '16:54', '20:36', '22:42'),
(167, '06-15', '02:27', '04:56', '12:48', '16:54', '20:36', '22:42'),
(168, '06-16', '02:27', '04:56', '12:48', '16:54', '20:36', '22:42'),
(169, '06-17', '02:27', '04:56', '12:48', '16:54', '20:37', '22:43'),
(170, '06-18', '02:27', '04:56', '12:48', '16:54', '20:37', '22:43'),
(171, '06-19', '02:26', '04:56', '12:48', '16:54', '20:38', '22:44'),
(172, '06-20', '02:26', '04:57', '12:49', '16:55', '20:38', '22:45'),
(173, '06-21', '02:26', '04:57', '12:49', '16:55', '20:38', '22:45'),
(174, '06-22', '02:27', '04:57', '12:49', '16:55', '20:38', '22:45'),
(175, '06-23', '02:27', '04:57', '12:49', '16:55', '20:38', '22:44'),
(176, '06-24', '02:28', '04:58', '12:49', '16:55', '20:38', '22:44'),
(177, '06-25', '02:28', '04:58', '12:49', '16:55', '20:39', '22:44'),
(178, '06-26', '02:29', '04:59', '12:50', '16:56', '20:39', '22:44'),
(179, '06-27', '02:30', '04:59', '12:50', '16:56', '20:39', '22:44'),
(180, '06-28', '02:31', '04:59', '12:50', '16:56', '20:39', '22:44'),
(181, '06-29', '02:32', '05:00', '12:50', '16:56', '20:38', '22:43'),
(182, '06-30', '02:32', '05:00', '12:50', '16:56', '20:38', '22:43'),
(183, '07-01', '02:33', '05:00', '12:51', '16:56', '20:38', '22:43'),
(184, '07-02', '02:34', '05:01', '12:51', '16:56', '20:38', '22:43'),
(185, '07-03', '02:35', '05:02', '12:51', '16:56', '20:38', '22:42'),
(186, '07-04', '02:36', '05:02', '12:51', '16:56', '20:38', '22:42'),
(187, '07-05', '02:37', '05:03', '12:52', '16:56', '20:37', '22:41'),
(188, '07-06', '02:39', '05:03', '12:52', '16:56', '20:37', '22:40'),
(189, '07-07', '02:40', '05:04', '12:52', '16:56', '20:37', '22:39'),
(190, '07-08', '02:41', '05:05', '12:52', '16:56', '20:36', '22:38'),
(191, '07-09', '02:42', '05:05', '12:52', '16:56', '20:36', '22:37'),
(192, '07-10', '02:44', '05:06', '12:52', '16:57', '20:36', '22:37'),
(193, '07-11', '02:46', '05:07', '12:53', '16:57', '20:36', '22:36'),
(194, '07-12', '02:48', '05:08', '12:53', '16:57', '20:35', '22:34'),
(195, '07-13', '02:50', '05:09', '12:53', '16:57', '20:35', '22:33'),
(196, '07-14', '02:52', '05:10', '12:53', '16:57', '20:34', '22:32'),
(197, '07-15', '02:53', '05:11', '12:53', '16:56', '20:33', '22:30'),
(198, '07-16', '02:55', '05:11', '12:53', '16:56', '20:33', '22:29'),
(199, '07-17', '02:56', '05:12', '12:53', '16:56', '20:32', '22:28'),
(200, '07-18', '02:58', '05:13', '12:53', '16:56', '20:31', '22:27'),
(201, '07-19', '03:00', '05:14', '12:53', '16:56', '20:30', '22:25'),
(202, '07-20', '03:02', '05:15', '12:53', '16:56', '20:29', '22:24'),
(203, '07-21', '03:04', '05:16', '12:54', '16:56', '20:28', '22:22'),
(204, '07-22', '03:06', '05:17', '12:54', '16:56', '20:27', '22:21'),
(205, '07-23', '03:08', '05:18', '12:54', '16:56', '20:26', '22:19'),
(206, '07-24', '03:10', '05:20', '12:54', '16:56', '20:25', '22:18'),
(207, '07-25', '03:11', '05:21', '12:54', '16:55', '20:24', '22:16'),
(208, '07-26', '03:13', '05:22', '12:54', '16:55', '20:23', '22:14'),
(209, '07-27', '03:15', '05:23', '12:54', '16:54', '20:22', '22:12'),
(210, '07-28', '03:17', '05:23', '12:54', '16:54', '20:21', '22:11'),
(211, '07-29', '03:19', '05:24', '12:54', '16:53', '20:20', '22:09'),
(212, '07-30', '03:21', '05:25', '12:54', '16:53', '20:19', '22:07'),
(213, '07-31', '03:23', '05:26', '12:54', '16:52', '20:17', '22:05'),
(214, '08-01', '03:25', '05:27', '12:53', '16:51', '20:16', '22:03'),
(215, '08-02', '03:26', '05:29', '12:53', '16:50', '20:15', '22:01'),
(216, '08-03', '03:28', '05:30', '12:53', '16:50', '20:14', '21:59'),
(217, '08-04', '03:30', '05:31', '12:53', '16:50', '20:13', '21:57'),
(218, '08-05', '03:33', '05:32', '12:53', '16:50', '20:12', '21:55'),
(219, '08-06', '03:35', '05:33', '12:53', '16:49', '20:11', '21:54'),
(220, '08-07', '03:37', '05:34', '12:53', '16:49', '20:09', '21:52'),
(221, '08-08', '03:38', '05:35', '12:53', '16:48', '20:08', '21:50'),
(222, '08-09', '03:40', '05:37', '12:53', '16:48', '20:07', '21:48'),
(223, '08-10', '03:42', '05:38', '12:53', '16:47', '20:05', '21:46'),
(224, '08-11', '03:45', '05:39', '12:52', '16:46', '20:04', '21:44'),
(225, '08-12', '03:47', '05:40', '12:52', '16:45', '20:02', '21:42'),
(226, '08-13', '03:48', '05:41', '12:52', '16:44', '20:00', '21:40'),
(227, '08-14', '03:49', '05:43', '12:52', '16:43', '19:59', '21:38'),
(228, '08-15', '03:52', '05:44', '12:52', '16:43', '19:58', '21:36'),
(229, '08-16', '03:54', '05:45', '12:52', '16:43', '19:56', '21:34'),
(230, '08-17', '03:55', '05:46', '12:51', '16:42', '19:54', '21:32'),
(231, '08-18', '03:56', '05:47', '12:51', '16:41', '19:53', '21:30'),
(232, '08-19', '03:58', '05:48', '12:51', '16:41', '19:51', '21:27'),
(233, '08-20', '04:00', '05:49', '12:51', '16:40', '19:49', '21:25'),
(234, '08-21', '04:02', '05:50', '12:50', '16:39', '19:48', '21:23'),
(235, '08-22', '04:03', '05:51', '12:50', '16:38', '19:46', '21:21'),
(236, '08-23', '04:05', '05:52', '12:50', '16:37', '19:45', '21:19'),
(237, '08-24', '04:07', '05:53', '12:50', '16:37', '19:43', '21:17'),
(238, '08-25', '04:09', '05:55', '12:49', '16:36', '19:42', '21:15'),
(239, '08-26', '04:10', '05:56', '12:49', '16:35', '19:40', '21:12'),
(240, '08-27', '04:12', '05:57', '12:49', '16:34', '19:39', '21:10'),
(241, '08-28', '04:14', '05:58', '12:49', '16:33', '19:37', '21:08'),
(242, '08-29', '04:16', '05:59', '12:48', '16:32', '19:35', '21:06'),
(243, '08-30', '04:17', '06:00', '12:48', '16:30', '19:33', '21:04'),
(244, '08-31', '04:19', '06:01', '12:48', '16:29', '19:31', '21:02'),
(245, '09-01', '04:20', '06:02', '12:47', '16:28', '19:29', '20:59'),
(246, '09-02', '04:22', '06:03', '12:47', '16:27', '19:28', '20:58'),
(247, '09-03', '04:23', '06:04', '12:47', '16:26', '19:26', '20:56'),
(248, '09-04', '04:25', '06:05', '12:46', '16:25', '19:24', '20:54'),
(249, '09-05', '04:26', '06:07', '12:46', '16:24', '19:22', '20:51'),
(250, '09-06', '04:28', '06:08', '12:46', '16:23', '19:20', '20:49'),
(251, '09-07', '04:29', '06:09', '12:45', '16:22', '19:18', '20:47'),
(252, '09-08', '04:31', '06:10', '12:45', '16:21', '19:17', '20:45'),
(253, '09-09', '04:33', '06:11', '12:45', '16:20', '19:15', '20:43'),
(254, '09-10', '04:34', '06:13', '12:44', '16:19', '19:13', '20:41'),
(255, '09-11', '04:35', '06:14', '12:44', '16:17', '19:11', '20:39'),
(256, '09-12', '04:37', '06:15', '12:44', '16:16', '19:09', '20:37'),
(257, '09-13', '04:38', '06:16', '12:43', '16:14', '19:08', '20:35'),
(258, '09-14', '04:40', '06:17', '12:43', '16:13', '19:06', '20:33'),
(259, '09-15', '04:41', '06:19', '12:43', '16:12', '19:04', '20:31'),
(260, '09-16', '04:43', '06:20', '12:42', '16:11', '19:02', '20:29'),
(261, '09-17', '04:44', '06:21', '12:42', '16:10', '19:00', '20:26'),
(262, '09-18', '04:46', '06:22', '12:42', '16:09', '18:58', '20:24'),
(263, '09-19', '04:47', '06:23', '12:41', '16:08', '18:57', '20:22'),
(264, '09-20', '04:48', '06:24', '12:41', '16:07', '18:55', '20:20'),
(265, '09-21', '04:49', '06:25', '12:40', '16:05', '18:53', '20:18'),
(266, '09-22', '04:51', '06:26', '12:40', '16:03', '18:51', '20:16'),
(267, '09-23', '04:52', '06:27', '12:40', '16:02', '18:49', '20:14'),
(268, '09-24', '04:54', '06:28', '12:39', '16:01', '18:47', '20:12'),
(269, '09-25', '04:55', '06:30', '12:39', '16:00', '18:45', '20:10'),
(270, '09-26', '04:56', '06:31', '12:39', '15:59', '18:43', '20:08'),
(271, '09-27', '04:57', '06:32', '12:38', '15:57', '18:41', '20:06'),
(272, '09-28', '04:59', '06:33', '12:38', '15:56', '18:40', '20:05'),
(273, '09-29', '05:00', '06:35', '12:38', '15:55', '18:38', '20:03'),
(274, '09-30', '05:01', '06:36', '12:37', '15:54', '18:37', '20:01'),
(275, '10-01', '05:02', '06:37', '12:37', '15:53', '18:35', '19:59'),
(276, '10-02', '05:03', '06:38', '12:37', '15:51', '18:33', '19:57'),
(277, '10-03', '05:04', '06:40', '12:36', '15:49', '18:31', '19:55'),
(278, '10-04', '05:06', '06:41', '12:36', '15:48', '18:29', '19:53'),
(279, '10-05', '05:07', '06:42', '12:36', '15:47', '18:27', '19:51'),
(280, '10-06', '05:08', '06:43', '12:36', '15:45', '18:25', '19:49'),
(281, '10-07', '05:09', '06:44', '12:35', '15:43', '18:24', '19:47'),
(282, '10-08', '05:11', '06:45', '12:35', '15:42', '18:22', '19:45'),
(283, '10-09', '05:13', '06:46', '12:35', '15:41', '18:20', '19:44'),
(284, '10-10', '05:14', '06:47', '12:34', '15:40', '18:18', '19:42'),
(285, '10-11', '05:15', '06:49', '12:34', '15:38', '18:16', '19:40'),
(286, '10-12', '05:16', '06:50', '12:34', '15:37', '18:15', '19:39'),
(287, '10-13', '05:17', '06:51', '12:34', '15:36', '18:13', '19:38'),
(288, '10-14', '05:18', '06:53', '12:33', '15:35', '18:11', '19:36'),
(289, '10-15', '05:19', '06:54', '12:33', '15:33', '18:09', '19:34'),
(290, '10-16', '05:21', '06:55', '12:33', '15:32', '18:08', '19:33'),
(291, '10-17', '05:22', '06:57', '12:33', '15:31', '18:07', '19:32'),
(292, '10-18', '05:23', '06:58', '12:33', '15:30', '18:05', '19:30'),
(293, '10-19', '05:24', '06:59', '12:32', '15:28', '18:03', '19:28'),
(294, '10-20', '05:26', '07:00', '12:32', '15:27', '18:02', '19:27'),
(295, '10-21', '05:27', '07:02', '12:32', '15:26', '18:00', '19:25'),
(296, '10-22', '05:28', '07:03', '12:32', '15:25', '17:58', '19:23'),
(297, '10-23', '05:29', '07:05', '12:32', '15:23', '17:57', '19:22'),
(298, '10-24', '05:30', '07:06', '12:32', '15:22', '17:55', '19:20'),
(299, '10-25', '04:31', '06:07', '11:31', '14:21', '16:54', '18:19'),
(300, '10-26', '04:32', '06:08', '11:31', '14:20', '16:52', '18:17'),
(301, '10-27', '04:33', '06:09', '11:31', '14:18', '16:51', '18:16'),
(302, '10-28', '04:35', '06:10', '11:31', '14:17', '16:49', '18:15'),
(303, '10-29', '04:36', '06:12', '11:31', '14:16', '16:48', '18:14'),
(304, '10-30', '04:37', '06:13', '11:31', '14:15', '16:46', '18:12'),
(305, '10-31', '04:38', '06:14', '11:31', '14:14', '16:45', '18:11'),
(306, '11-01', '04:39', '06:15', '11:31', '14:13', '16:43', '18:10'),
(307, '11-02', '04:40', '06:17', '11:31', '14:11', '16:42', '18:09'),
(308, '11-03', '04:42', '06:18', '11:31', '14:10', '16:41', '18:08'),
(309, '11-04', '04:43', '06:20', '11:31', '14:09', '16:40', '18:07'),
(310, '11-05', '04:44', '06:21', '11:31', '14:08', '16:39', '18:06'),
(311, '11-06', '04:45', '06:22', '11:31', '14:07', '16:37', '18:04'),
(312, '11-07', '04:46', '06:24', '11:31', '14:06', '16:36', '18:03'),
(313, '11-08', '04:47', '06:25', '11:31', '14:05', '16:35', '18:02'),
(314, '11-09', '04:48', '06:27', '11:31', '14:04', '16:34', '18:01'),
(315, '11-10', '04:49', '06:28', '11:31', '14:03', '16:32', '18:00'),
(316, '11-11', '04:51', '06:29', '11:31', '14:02', '16:31', '17:59'),
(317, '11-12', '04:52', '06:31', '11:31', '14:01', '16:30', '17:58'),
(318, '11-13', '04:54', '06:32', '11:32', '14:01', '16:29', '17:57'),
(319, '11-14', '04:55', '06:33', '11:32', '14:01', '16:28', '17:56'),
(320, '11-15', '04:56', '06:34', '11:32', '14:00', '16:27', '17:55'),
(321, '11-16', '04:56', '06:35', '11:32', '13:59', '16:26', '17:54'),
(322, '11-17', '04:57', '06:37', '11:32', '13:58', '16:25', '17:53'),
(323, '11-18', '04:58', '06:38', '11:32', '13:57', '16:24', '17:52'),
(324, '11-19', '04:59', '06:39', '11:33', '13:57', '16:23', '17:52'),
(325, '11-20', '05:00', '06:41', '11:33', '13:56', '16:22', '17:51'),
(326, '11-21', '05:01', '06:42', '11:33', '13:55', '16:21', '17:50'),
(327, '11-22', '05:03', '06:43', '11:33', '13:54', '16:21', '17:50'),
(328, '11-23', '05:04', '06:45', '11:34', '13:54', '16:20', '17:50'),
(329, '11-24', '05:05', '06:46', '11:34', '13:54', '16:19', '17:49'),
(330, '11-25', '05:07', '06:47', '11:34', '13:53', '16:19', '17:49'),
(331, '11-26', '05:08', '06:48', '11:35', '13:53', '16:19', '17:49'),
(332, '11-27', '05:09', '06:50', '11:35', '13:53', '16:18', '17:48'),
(333, '11-28', '05:09', '06:51', '11:35', '13:52', '16:18', '17:48'),
(334, '11-29', '05:10', '06:52', '11:36', '13:52', '16:17', '17:48'),
(335, '11-30', '05:11', '06:53', '11:36', '13:51', '16:17', '17:48'),
(336, '12-01', '05:12', '06:54', '11:36', '13:51', '16:16', '17:47'),
(337, '12-02', '05:12', '06:56', '11:36', '13:50', '16:16', '17:47'),
(338, '12-03', '05:13', '06:57', '11:37', '13:50', '16:16', '17:47'),
(339, '12-04', '05:14', '06:58', '11:37', '13:50', '16:16', '17:47'),
(340, '12-05', '05:15', '06:59', '11:38', '13:50', '16:15', '17:46'),
(341, '12-06', '05:16', '07:00', '11:38', '13:50', '16:15', '17:46'),
(342, '12-07', '05:17', '07:01', '11:39', '13:50', '16:15', '17:46'),
(343, '12-08', '05:18', '07:02', '11:39', '13:50', '16:15', '17:46'),
(344, '12-09', '05:19', '07:03', '11:40', '13:50', '16:14', '17:46'),
(345, '12-10', '05:19', '07:04', '11:40', '13:50', '16:14', '17:46'),
(346, '12-11', '05:20', '07:05', '11:40', '13:51', '16:14', '17:46'),
(347, '12-12', '05:21', '07:06', '11:41', '13:51', '16:14', '17:46'),
(348, '12-13', '05:22', '07:07', '11:41', '13:51', '16:15', '17:47'),
(349, '12-14', '05:23', '07:08', '11:42', '13:52', '16:15', '17:47'),
(350, '12-15', '05:24', '07:08', '11:42', '13:52', '16:15', '17:48'),
(351, '12-16', '05:24', '07:09', '11:43', '13:52', '16:15', '17:48'),
(352, '12-17', '05:25', '07:09', '11:43', '13:53', '16:16', '17:49'),
(353, '12-18', '05:26', '07:10', '11:44', '13:54', '16:16', '17:49'),
(354, '12-19', '05:27', '07:10', '11:44', '13:54', '16:16', '17:50'),
(355, '12-20', '05:27', '07:10', '11:45', '13:54', '16:16', '17:50'),
(356, '12-21', '05:28', '07:11', '11:45', '13:55', '16:17', '17:51'),
(357, '12-22', '05:28', '07:12', '11:46', '13:55', '16:18', '17:52'),
(358, '12-23', '05:29', '07:12', '11:47', '13:56', '16:18', '17:52'),
(359, '12-24', '05:29', '07:12', '11:47', '13:56', '16:19', '17:53'),
(360, '12-25', '05:30', '07:13', '11:48', '13:57', '16:19', '17:53'),
(361, '12-26', '05:30', '07:13', '11:48', '13:57', '16:20', '17:53'),
(362, '12-27', '05:30', '07:14', '11:48', '13:58', '16:20', '17:53'),
(363, '12-28', '05:30', '07:14', '11:48', '13:58', '16:21', '17:54'),
(364, '12-29', '05:31', '07:14', '11:49', '13:59', '16:22', '17:55'),
(365, '12-30', '05:31', '07:14', '11:50', '14:00', '16:23', '17:56'),
(366, '12-31', '05:31', '07:14', '11:50', '14:01', '16:24', '17:57');

/*!40101 SET CHARACTER_SET_CLIENT=@OLD_CHARACTER_SET_CLIENT */;
/*!40101 SET CHARACTER_SET_RESULTS=@OLD_CHARACTER_SET_RESULTS */;
/*!40101 SET COLLATION_CONNECTION=@OLD_COLLATION_CONNECTION */;
